id,timestamp,value
0,181801,58.1
1,181802,47.75
2,181803,45.96666667
3,181804,48.85
4,181805,56.78
5,181806,57.45
6,181807,55.92857143
7,181808,55.5125
8,181809,54.16666667
9,181810,54.03
10,181811,50.78181818
11,181812,50.13333333
12,181901,50.48461538
13,181902,49.35
14,181903,46.48
15,181904,45.68125
16,181905,44.91176471
17,181906,45.65555556
18,181907,46.01578947
19,181908,45.89
20,181909,44.88571429
21,181910,44.93181818
22,181911,44.79565217
23,181912,45.05
24,182001,44.528
25,182002,44.52307692
26,182003,42.57692308
27,182004,42.38076923
28,182005,42.63076923
29,182006,41.10769231
30,182007,39.01538462
31,182008,38.33461538
32,182009,36.86538462
33,182010,35.41538462
34,182011,34.25384615
35,182012,32.80384615
36,182101,33.48461538
37,182102,32.1
38,182103,30.36153846
39,182104,29.61538462
40,182105,29.48076923
41,182106,28.3
42,182107,27.21153846
43,182108,25.27692308
44,182109,23.53846154
45,182110,23.07307692
46,182111,22.4
47,182112,20.65
48,182201,19.04230769
49,182202,17.14230769
50,182203,16.94615385
51,182204,16.07307692
52,182205,15.87692308
53,182206,14.99230769
54,182207,13.61923077
55,182208,13.06153846
56,182209,11.75
57,182210,10.11538462
58,182211,9.784615385
59,182212,9.211538462
60,182301,8.703846154
61,182302,8.123076923
62,182303,6.776923077
63,182304,6.507692308
64,182305,6.142307692
65,182306,5.557692308
66,182307,5.480769231
67,182308,5.365384615
68,182309,5.2
69,182310,4.892307692
70,182311,4.611538462
71,182312,4.711538462
72,182401,5.815384615
73,182402,6.492307692
74,182403,6.492307692
75,182404,7.676923077
76,182405,6.819230769
77,182406,5.984615385
78,182407,5.892307692
79,182408,5.623076923
80,182409,6.434615385
81,182410,7.919230769
82,182411,7.919230769
83,182412,7.95
84,182501,8.273076923
85,182502,9.269230769
86,182503,10.70769231
87,182504,10.94615385
88,182505,11.9
89,182506,12.88461538
90,182507,14.86538462
91,182508,16.51153846
92,182509,17.48846154
93,182510,18.48846154
94,182511,19.24230769
95,182512,20.65384615
96,182601,21.78461538
97,182602,21.63846154
98,182603,22.61153846
99,182604,23.45769231
100,182605,25.53076923
101,182606,26.66153846
102,182607,29.85
103,182608,32.38846154
104,182609,33.60384615
105,182610,36.76153846
106,182611,37.97307692
107,182612,40.72692308
108,182701,42.94615385
109,182702,45.93076923
110,182703,49.31153846
111,182704,51.26538462
112,182705,53.43461538
113,182706,56.82692308
114,182707,58.54230769
115,182708,60.99615385
116,182709,62.19230769
117,182710,64.14230769
118,182711,66.22692308
119,182712,68.18076923
120,182801,70.81153846
121,182802,73.52692308
122,182803,76.56923077
123,182804,79.32692308
124,182805,82.68461538
125,182806,87.43076923
126,182807,88.83461538
127,182808,91.35769231
128,182809,91.21923077
129,182810,92.18461538
130,182811,94.62307692
131,182812,94.38076923
132,182901,94.60384615
133,182902,93.4
134,182903,95.81923077
135,182904,98.87307692
136,182905,99.48846154
137,182906,101.2769231
138,182907,103.4961538
139,182908,104.8384615
140,182909,105.5153846
141,182910,105.7423077
142,182911,106.9
143,182912,106.9230769
144,183001,107.1769231
145,183002,108.8423077
146,183003,110.8807692
147,183004,113.5730769
148,183005,113.65
149,183006,113.9
150,183007,111
151,183008,107.9692308
152,183009,108.4692308
153,183010,108.9807692
154,183011,110.9615385
155,183012,112.7192308
156,183101,112.1038462
157,183102,112.3153846
158,183103,115.5538462
159,183104,115.8846154
160,183105,113.6846154
161,183106,109.7307692
162,183107,108.3115385
163,183108,107.0961538
164,183109,103.7
165,183110,101.6923077
166,183111,101.0961538
167,183112,99.28846154
168,183201,96.93461538
169,183202,96.87692308
170,183203,97.06538462
171,183204,94.16923077
172,183205,91.39615385
173,183206,86.28846154
174,183207,82.93461538
175,183208,79.33461538
176,183209,77.04615385
177,183210,75.14615385
178,183211,72.08461538
179,183212,68.43846154
180,183301,63.95
181,183302,59.64615385
182,183303,57.36153846
183,183304,54.32307692
184,183305,49.15769231
185,183306,45.72692308
186,183307,43.73461538
187,183308,41.96153846
188,183309,39.80384615
189,183310,36.76153846
190,183311,34.70769231
191,183312,32.38076923
192,183401,29.90769231
193,183402,29.20769231
194,183403,27.47692308
195,183404,24.00769231
196,183405,21.04230769
197,183406,19.82307692
198,183407,17.72692308
199,183408,16.26923077
200,183409,16.11153846
201,183410,17.13076923
202,183411,18.56153846
203,183412,19.41923077
204,183501,18.98076923
205,183502,18.78461538
206,183503,19.32307692
207,183504,22.30384615
208,183505,24.34230769
209,183506,26.28846154
210,183507,29.29230769
211,183508,33.01538462
212,183509,39.03076923
213,183510,44.76538462
214,183511,50.43461538
215,183512,54.92692308
216,183601,60.22692308
217,183602,66.48846154
218,183603,72.46923077
219,183604,80.46538462
220,183605,87.35769231
221,183606,95.26153846
222,183607,102.1769231
223,183608,108.5807692
224,183609,114.1230769
225,183610,122.6730769
226,183611,129.6846154
227,183612,141.3192308
228,183701,151.4153846
229,183702,160.4576923
230,183703,168.6076923
231,183704,175.9
232,183705,181.8
233,183706,187.9923077
234,183707,195.6307692
235,183708,202.1038462
236,183709,204.4423077
237,183710,208.5846154
238,183711,208.9846154
239,183712,211.1961538
240,183801,214.0730769
241,183802,214.5346154
242,183803,217.8769231
243,183804,219.0961538
244,183805,221.6230769
245,183806,218.5307692
246,183807,218.3269231
247,183808,215.3807692
248,183809,212.6153846
249,183810,211.5346154
250,183811,210.4076923
251,183812,206.7153846
252,183901,205.7307692
253,183902,199.0769231
254,183903,192.0038462
255,183904,184.7076923
256,183905,179.5269231
257,183906,174.1769231
258,183907,172.4538462
259,183908,170.7384615
260,183909,168.8115385
261,183910,166.0423077
262,183911,164.2846154
263,183912,160.4384615
264,184001,158.7846154
265,184002,156.0923077
266,184003,151.1461538
267,184004,149.9346154
268,184005,145.3538462
269,184006,140.3461538
270,184007,135.4076923
271,184008,133.0538462
272,184009,130.8576923
273,184010,129.3346154
274,184011,128.0923077
275,184012,125.7076923
276,184101,122.2807692
277,184102,119.0884615
278,184103,114.2307692
279,184104,110.2346154
280,184105,109.5769231
281,184106,109.1884615
282,184107,107.7192308
283,184108,106.7269231
284,184109,103.6346154
285,184110,97.04230769
286,184111,89.80384615
287,184112,86.46923077
288,184201,83.36538462
289,184202,80.69615385
290,184203,76.88076923
291,184204,72.98846154
292,184205,70.23846154
293,184206,67.33076923
294,184207,63.7
295,184208,62.29615385
296,184209,59.58846154
297,184210,58.32307692
298,184211,56.17692308
299,184212,53.77692308
300,184301,51.15384615
301,184302,47.93846154
302,184303,46.93076923
303,184304,45.61923077
304,184305,45.06153846
305,184306,43.16538462
306,184307,39.45384615
307,184308,36.63846154
308,184309,34.92692308
309,184310,32.75384615
310,184311,31.63076923
311,184312,30.62307692
312,184401,29.96153846
313,184402,28.41153846
314,184403,27.96923077
315,184404,27.88461538
316,184405,27.23076923
317,184406,25.74230769
318,184407,25.50384615
319,184408,25.71538462
320,184409,25.35384615
321,184410,25.02692308
322,184411,24.53846154
323,184412,23.48076923
324,184501,22.53076923
325,184502,24.20384615
326,184503,26.12307692
327,184504,29.55
328,184505,32.08076923
329,184506,33.46538462
330,184507,34.07692308
331,184508,35.47307692
332,184509,36.75769231
333,184510,38.61153846
334,184511,40.87307692
335,184512,44.35769231
336,184601,45.62307692
337,184602,48.07307692
338,184603,51.56538462
339,184604,55.06538462
340,184605,58.04230769
341,184606,60.88076923
342,184607,63.12307692
343,184608,66.39615385
344,184609,71.91153846
345,184610,73.97692308
346,184611,77.4
347,184612,80.21538462
348,184701,83.54230769
349,184702,85.03846154
350,184703,88.89230769
351,184704,88.96153846
352,184705,91.02307692
353,184706,92.83846154
354,184707,93.12307692
355,184708,100.1423077
356,184709,108.4961538
357,184710,117.9846154
358,184711,124.9923077
359,184712,129.4076923
360,184801,137.0807692
361,184802,140.4230769
362,184803,144.9076923
363,184804,148.5115385
364,184805,150.9730769
365,184806,154.7961538
366,184807,159.8769231
367,184808,164.2038462
368,184809,167.6576923
369,184810,172.6307692
370,184811,173.1076923
371,184812,179.7384615
372,184901,187.3423077
373,184902,192.7730769
374,184903,195.7846154
375,184904,200.3923077
376,184905,200.7846154
377,184906,203.8461538
378,184907,204.7115385
379,184908,204.1884615
380,184909,207.6846154
381,184910,203.8923077
382,184911,200.8153846
383,184912,196.3423077
384,185001,193.1384615
385,185002,192.6461538
386,185003,188.4769231
387,185004,184.5307692
388,185005,182.0615385
389,185006,180.3076923
390,185007,176.6076923
391,185008,172.8423077
392,185009,170.2153846
393,185010,166.9076923
394,185011,164.4769231
395,185012,160.45
396,185101,158.6230769
397,185102,156.0961538
398,185103,149.3461538
399,185104,143.8461538
400,185105,141.3923077
401,185106,138.5192308
402,185107,135.2653846
403,185108,133.5269231
404,185109,132.7846154
405,185110,132.4038462
406,185111,129.2807692
407,185112,129.2730769
408,185201,127.0307692
409,185202,124.7961538
410,185203,123.5653846
411,185204,121.8153846
412,185205,119.7961538
413,185206,119.9961538
414,185207,118.5730769
415,185208,116.3538462
416,185209,116.2346154
417,185210,116.6538462
418,185211,114.3230769
419,185212,112.4461538
420,185301,111.4384615
421,185302,110.1153846
422,185303,107.35
423,185304,103.1307692
424,185305,100.9423077
425,185306,99.73846154
426,185307,98.51923077
427,185308,97.58846154
428,185309,97.4
429,185310,96.30384615
430,185311,93.45
431,185312,90.59615385
432,185401,88
433,185402,84.25
434,185403,80.76923077
435,185404,77.85
436,185405,75.13461538
437,185406,71.89615385
438,185407,69.25
439,185408,66.98461538
440,185409,65.54615385
441,185410,63.57692308
442,185411,62.89615385
443,185412,59.55769231
444,185501,56.49230769
445,185502,54.01153846
446,185503,52.28461538
447,185504,49.47307692
448,185505,47.38461538
449,185506,44.29230769
450,185507,41.78461538
451,185508,39.08846154
452,185509,35.73461538
453,185510,32.75384615
454,185511,30.60769231
455,185512,27.73461538
456,185601,25.66923077
457,185602,24.31538462
458,185603,23.21538462
459,185604,22.23076923
460,185605,20.71538462
461,185606,19.15769231
462,185607,17.74230769
463,185608,16.63461538
464,185609,15.59230769
465,185610,14.76153846
466,185611,13.68846154
467,185612,13.28846154
468,185701,12.23076923
469,185702,11.19615385
470,185703,10.68076923
471,185704,10.66153846
472,185705,11.47692308
473,185706,12.32692308
474,185707,13.28461538
475,185708,14.13076923
476,185709,17.20384615
477,185710,19.94230769
478,185711,22.23461538
479,185712,24.25
480,185801,26.8
481,185802,29.12692308
482,185803,33.28846154
483,185804,35.73076923
484,185805,38.72692308
485,185806,41.5
486,185807,45.64230769
487,185808,49.3
488,185809,54.81538462
489,185810,61.04230769
490,185811,64.51153846
491,185812,69.06923077
492,185901,74.61923077
493,185902,80.49230769
494,185903,86.08846154
495,185904,91.80769231
496,185905,98.06923077
497,185906,103.6115385
498,185907,108.4769231
499,185908,115.1115385
500,185909,121.2153846
501,185910,128.3615385
502,185911,132.3615385
503,185912,135.3153846
504,186001,139.0461538
505,186002,142.7846154
506,186003,147.1615385
507,186004,149.8307692
508,186005,153.4576923
509,186006,158.5923077
510,186007,164.1038462
511,186008,168.1807692
512,186009,170.7769231
513,186010,173.3230769
514,186011,174.6230769
515,186012,174.95
516,186101,175.7153846
517,186102,176.5038462
518,186103,177.7730769
519,186104,178.5692308
520,186105,176.1192308
521,186106,176.2961538
522,186107,175.35
523,186108,175.0230769
524,186109,173.9153846
525,186110,171.0192308
526,186111,167.2153846
527,186112,164.7153846
528,186201,162.2269231
529,186202,161.0153846
530,186203,158.1730769
531,186204,155.6423077
532,186205,153.1192308
533,186206,154.0423077
534,186207,151.5807692
535,186208,148.2115385
536,186209,144.5384615
537,186210,140.2807692
538,186211,137.2346154
539,186212,133.6384615
540,186301,130.0153846
541,186302,127.1692308
542,186303,127.4576923
543,186304,124.75
544,186305,121.2923077
545,186306,117.0807692
546,186307,115.3192308
547,186308,112.3884615
548,186309,108.2923077
549,186310,105.1769231
550,186311,102.0884615
551,186312,100.1807692
552,186401,100.4769231
553,186402,98.04230769
554,186403,98.27307692
555,186404,96.18461538
556,186405,95.96923077
557,186406,96.26923077
558,186407,95.55384615
559,186408,93.41538462
560,186409,90.13461538
561,186410,88.04615385
562,186411,87.38846154
563,186412,86.40769231
564,186501,86.27307692
565,186502,86.15769231
566,186503,85.51153846
567,186504,83.51923077
568,186505,81.19615385
569,186506,80.68461538
570,186507,78.71153846
571,186508,78.48846154
572,186509,77.68076923
573,186510,75.41923077
574,186511,75.61153846
575,186512,73.63461538
576,186601,73.18846154
577,186602,72.98846154
578,186603,70.56153846
579,186604,68.40769231
580,186605,64.51153846
581,186606,63.1
582,186607,60.81153846
583,186608,57.51538462
584,186609,54.05769231
585,186610,51.08461538
586,186611,49.66153846
587,186612,47.29615385
588,186701,43.09230769
589,186702,41.05769231
590,186703,38.16923077
591,186704,35.67307692
592,186705,33
593,186706,30.95769231
594,186707,28.8
595,186708,26.69615385
596,186709,25.46153846
597,186710,23.68076923
598,186711,22.8
599,186712,23.39230769
600,186801,22.59230769
601,186802,22.66923077
602,186803,22.05384615
603,186804,21.6
604,186805,21.51923077
605,186806,22.22307692
606,186807,23.13461538
607,186808,24.13076923
608,186809,26.48076923
609,186810,29.50384615
610,186811,32.76538462
611,186812,36.07307692
612,186901,39.31923077
613,186902,43.05
614,186903,46.43461538
615,186904,49.01153846
616,186905,55.01153846
617,186906,61.58846154
618,186907,65.17692308
619,186908,70.17307692
620,186909,74.98076923
621,186910,78.43846154
622,186911,82.72692308
623,186912,88.44230769
624,187001,92.70769231
625,187002,98.23846154
626,187003,107.3461538
627,187004,116.6
628,187005,126.2
629,187006,132.5538462
630,187007,139.3384615
631,187008,147.2115385
632,187009,154.0769231
633,187010,161.2692308
634,187011,167.7038462
635,187012,172.0846154
636,187101,173.95
637,187102,177.65
638,187103,182.9230769
639,187104,189.5
640,187105,195.4461538
641,187106,198.6961538
642,187107,198.6346154
643,187108,198.75
644,187109,200.1
645,187110,200.7076923
646,187111,202.2923077
647,187112,204.2846154
648,187201,204.3807692
649,187202,205.3884615
650,187203,206.1
651,187204,205.2807692
652,187205,202.0807692
653,187206,198.8653846
654,187207,194.3423077
655,187208,191.6
656,187209,190.4538462
657,187210,187.1730769
658,187211,185.6346154
659,187212,181.6192308
660,187301,177.7192308
661,187302,176.2461538
662,187303,176.8923077
663,187304,173.7423077
664,187305,167.6384615
665,187306,160.0961538
666,187307,155.0615385
667,187308,153.5576923
668,187309,149.9769231
669,187310,145.9346154
670,187311,144.3423077
671,187312,141.7846154
672,187401,138.9269231
673,187402,137.2461538
674,187403,135.1230769
675,187404,129.4769231
676,187405,126.6730769
677,187406,122.5730769
678,187407,120.0230769
679,187408,116.9076923
680,187409,111.9384615
681,187410,108.1846154
682,187411,102.6884615
683,187412,97.98076923
684,187501,91.73461538
685,187502,87.73461538
686,187503,84.34230769
687,187504,79.35
688,187505,73.78076923
689,187506,70.42692308
690,187507,68.15384615
691,187508,66.21538462
692,187509,62.07307692
693,187510,58.51538462
694,187511,56.62692308
695,187512,54.23846154
696,187601,51.6
697,187602,49.41153846
698,187603,47.47692308
699,187604,43.50769231
700,187605,40.85384615
701,187606,38.9
702,187607,37.01153846
703,187608,35.12692308
704,187609,31.41153846
705,187610,28.39615385
706,187611,27.23461538
707,187612,25.55
708,187701,25.25769231
709,187702,23.93846154
710,187703,23.76538462
711,187704,23.39615385
712,187705,22.61538462
713,187706,21.65384615
714,187707,21.3
715,187708,20.16923077
716,187709,20.44615385
717,187710,19.93846154
718,187711,20.69230769
719,187712,20.00769231
720,187801,19.08076923
721,187802,18.86923077
722,187803,18.45384615
723,187804,17.49615385
724,187805,15.91153846
725,187806,16.17307692
726,187807,15.85384615
727,187808,15.75
728,187809,15.10769231
729,187810,14.61153846
730,187811,14.23461538
731,187812,13.35
732,187901,12.77307692
733,187902,12.28461538
734,187903,10.72307692
735,187904,10.56538462
736,187905,9.953846154
737,187906,9.25
738,187907,8.346153846
739,187908,8.126923077
740,187909,8.130769231
741,187910,8.511538462
742,187911,8.273076923
743,187912,8.311538462
744,188001,8.946153846
745,188002,10.55769231
746,188003,11.58076923
747,188004,12.40384615
748,188005,13.40384615
749,188006,15.58461538
750,188007,16.60769231
751,188008,19.28461538
752,188009,23.51153846
753,188010,26.26923077
754,188011,27.89615385
755,188012,29.72307692
756,188101,31.79230769
757,188102,35.16538462
758,188103,38.40384615
759,188104,41.68076923
760,188105,44.46923077
761,188106,47.94615385
762,188107,52.72307692
763,188108,56.15769231
764,188109,59.08076923
765,188110,62.51923077
766,188111,65.65
767,188112,67.89615385
768,188201,69.93846154
769,188202,73.92692308
770,188203,76.67307692
771,188204,81.06538462
772,188205,83.94230769
773,188206,85.59615385
774,188207,87.00384615
775,188208,87.41153846
776,188209,89.70384615
777,188210,90.40769231
778,188211,91.58076923
779,188212,91.50384615
780,188301,93.42307692
781,188302,94.53076923
782,188303,94.94230769
783,188304,96.79615385
784,188305,95.51538462
785,188306,97.09615385
786,188307,99.47692308
787,188308,98.54615385
788,188309,96.99230769
789,188310,98.61923077
790,188311,100.6269231
791,188312,101.3653846
792,188401,103.7153846
793,188402,106.2538462
794,188403,108.9769231
795,188404,109.4
796,188405,109.3769231
797,188406,106.5192308
798,188407,105.8115385
799,188408,106.4923077
800,188409,107.5461538
801,188410,108.0115385
802,188411,106.6576923
803,188412,105.8884615
804,188501,103.2269231
805,188502,105.15
806,188503,104.4538462
807,188504,104.9730769
808,188505,106.9076923
809,188506,107.0115385
810,188507,109.2576923
811,188508,107.5769231
812,188509,104.9461538
813,188510,104.4807692
814,188511,103.0884615
815,188512,99.11538462
816,188601,95.61538462
817,188602,92.41153846
818,188603,90.21538462
819,188604,87.45
820,188605,83.81153846
821,188606,80.67307692
822,188607,78.34615385
823,188608,76.14615385
824,188609,74.11538462
825,188610,71.08846154
826,188611,67.14615385
827,188612,64.91923077
828,188701,63.23076923
829,188702,61.05384615
830,188703,58.58076923
831,188704,54.42307692
832,188705,52.51923077
833,188706,49.99615385
834,188707,46.81538462
835,188708,42.82307692
836,188709,39.03461538
837,188710,36.24615385
838,188711,34.15
839,188712,32.99615385
840,188801,31.82692308
841,188802,30.88461538
842,188803,29.47307692
843,188804,28.13846154
844,188805,24.91538462
845,188806,22.56538462
846,188807,20.78846154
847,188808,19.22307692
848,188809,17.84615385
849,188810,16.89615385
850,188811,16.21153846
851,188812,16.08461538
852,188901,16.11153846
853,188902,15.82307692
854,188903,15.59615385
855,188904,15.03076923
856,188905,14.91153846
857,188906,14.88076923
858,188907,14.20384615
859,188908,14.51923077
860,188909,13.44230769
861,188910,12.2
862,188911,11.73461538
863,188912,11.74230769
864,189001,11.63846154
865,189002,10.35384615
866,189003,9.865384615
867,189004,9.515384615
868,189005,9.315384615
869,189006,9.073076923
870,189007,9.365384615
871,189008,9.457692308
872,189009,10.36538462
873,189010,10.90384615
874,189011,10.95384615
875,189012,11.32692308
876,189101,11.50384615
877,189102,12.49615385
878,189103,13.10769231
879,189104,13.87692308
880,189105,16.08461538
881,189106,18.89615385
882,189107,22.51153846
883,189108,24.21538462
884,189109,27.05769231
885,189110,29.04615385
886,189111,31.31153846
887,189112,33.26923077
888,189201,37.68846154
889,189202,42.10769231
890,189203,44.97307692
891,189204,49.39230769
892,189205,54.16923077
893,189206,58.96153846
894,189207,63.56538462
895,189208,69.98076923
896,189209,73.26538462
897,189210,77.23846154
898,189211,80.32692308
899,189212,84.65
900,189301,88.84615385
901,189302,93.01923077
902,189303,96.36538462
903,189304,100.5923077
904,189305,105.3653846
905,189306,109.8115385
906,189307,112.8538462
907,189308,118.0461538
908,189309,119.2730769
909,189310,122.2807692
910,189311,123.6461538
911,189312,126.3538462
912,189401,129
913,189402,132.3346154
914,189403,131.2538462
915,189404,131.6346154
916,189405,134.9192308
917,189406,136.7961538
918,189407,138.4884615
919,189408,138.0961538
920,189409,137.4192308
921,189410,135.7538462
922,189411,135.3538462
923,189412,134.6846154
924,189501,134.55
925,189502,133.8192308
926,189503,132.9192308
927,189504,133.1730769
928,189505,133.2884615
929,189506,132.2230769
930,189507,129.8538462
931,189508,128.5115385
932,189509,126.5307692
933,189510,122.6
934,189511,120.6269231
935,189512,120.0346154
936,189601,117.0807692
937,189602,114.7461538
938,189603,112.7423077
939,189604,110.1269231
940,189605,108.55
941,189606,106.4615385
942,189607,102.8653846
943,189608,98.27307692
944,189609,95.40769231
945,189610,92.74615385
946,189611,90.95
947,189612,88.84615385
948,189701,87.81923077
949,189702,85.85384615
950,189703,83.67307692
951,189704,81.35384615
952,189705,78.72692308
953,189706,74.52307692
954,189707,71.96923077
955,189708,68.78846154
956,189709,68.81538462
957,189710,65.31538462
958,189711,62.15769231
959,189712,59.93846154
960,189801,58.85384615
961,189802,56.65384615
962,189803,57.25
963,189804,54.5
964,189805,52.82692308
965,189806,51.44615385
966,189807,50.25
967,189808,49.11923077
968,189809,48.46153846
969,189810,48.91153846
970,189811,46.96538462
971,189812,45.93461538
972,189901,44.74615385
973,189902,42.60384615
974,189903,41.16923077
975,189904,40.19230769
976,189905,38.81538462
977,189906,38.13846154
978,189907,37.72307692
979,189908,37.18461538
980,189909,35.95
981,189910,35.38461538
982,189911,32.79230769
983,189912,32.55
984,190001,32.61538462
985,190002,31.35769231
986,190003,29.97307692
987,190004,28.66923077
988,190005,27.18461538
989,190006,27.02692308
990,190007,25.90769231
991,190008,24.75384615
992,190009,24.71153846
993,190010,23.53076923
994,190011,21.58461538
995,190012,19.40769231
996,190101,17.43846154
997,190102,16.78076923
998,190103,15.81923077
999,190104,15.23076923
1000,190105,14.71923077
1001,190106,14.18461538
1002,190107,13.73461538
1003,190108,12.48846154
1004,190109,11.65769231
1005,190110,11.71153846
1006,190111,11.41923077
1007,190112,10.58461538
1008,190201,10.44230769
1009,190202,9.765384615
1010,190203,9.957692308
1011,190204,9.080769231
1012,190205,8.707692308
1013,190206,7.769230769
1014,190207,6.853846154
1015,190208,6.226923077
1016,190209,6.176923077
1017,190210,6.95
1018,190211,7.076923077
1019,190212,6.315384615
1020,190301,6.561538462
1021,190302,7.634615385
1022,190303,8.484615385
1023,190304,10.00384615
1024,190305,10.65384615
1025,190306,11.7
1026,190307,12.83076923
1027,190308,14.30384615
1028,190309,14.96923077
1029,190310,17.39615385
1030,190311,20.21538462
1031,190312,22.90384615
1032,190401,24.68076923
1033,190402,26.25
1034,190403,28.27307692
1035,190404,31.02692308
1036,190405,32.75769231
1037,190406,35.44230769
1038,190407,38.50384615
1039,190408,42.14615385
1040,190409,44.01923077
1041,190410,47.35
1042,190411,49.30384615
1043,190412,51.76153846
1044,190501,54.60769231
1045,190502,60.03846154
1046,190503,63.13076923
1047,190504,64.55769231
1048,190505,66.76538462
1049,190506,68.23076923
1050,190507,71.97307692
1051,190508,74.7
1052,190509,76.44615385
1053,190510,79.64615385
1054,190511,85.80769231
1055,190512,86.87307692
1056,190601,86.93461538
1057,190602,86.01538462
1058,190603,88.12307692
1059,190604,90.1
1060,190605,91.41923077
1061,190606,92.71538462
1062,190607,96.83076923
1063,190608,97.20769231
1064,190609,97.56153846
1065,190610,94.96923077
1066,190611,95.53076923
1067,190612,96.20769231
1068,190701,98.66923077
1069,190702,102.1
1070,190703,102.4807692
1071,190704,100.35
1072,190705,99.46923077
1073,190706,99.53461538
1074,190707,99.65
1075,190708,99.99230769
1076,190709,100.7653846
1077,190710,101.1884615
1078,190711,101.6
1079,190712,99.58846154
1080,190801,95.23076923
1081,190802,93.85
1082,190803,92.77692308
1083,190804,94.46153846
1084,190805,92.94615385
1085,190806,92.48461538
1086,190807,91.31538462
1087,190808,93.06923077
1088,190809,92
1089,190810,91.01153846
1090,190811,90.33461538
1091,190812,91.72692308
1092,190901,92.87307692
1093,190902,91.70384615
1094,190903,91.05384615
1095,190904,86.18461538
1096,190905,84.60384615
1097,190906,82.68846154
1098,190907,82.23461538
1099,190908,81.13076923
1100,190909,80.43076923
1101,190910,80.69615385
1102,190911,78.82307692
1103,190912,78.09615385
1104,191001,75.84615385
1105,191002,74.83076923
1106,191003,73.68846154
1107,191004,72.05384615
1108,191005,71.63076923
1109,191006,68.72307692
1110,191007,67.01153846
1111,191008,64.66923077
1112,191009,63.81923077
1113,191010,60.47307692
1114,191011,55.21923077
1115,191012,53.51538462
1116,191101,50.81153846
1117,191102,48.85384615
1118,191103,45.71538462
1119,191104,43.79230769
1120,191105,40.12307692
1121,191106,38.2
1122,191107,36.11923077
1123,191108,34.92307692
1124,191109,32.88846154
1125,191110,31.58076923
1126,191111,29.36153846
1127,191112,25.75769231
1128,191201,22.19615385
1129,191202,18.72692308
1130,191203,17.35
1131,191204,15.62307692
1132,191205,14.53461538
1133,191206,14.25769231
1134,191207,13.02692308
1135,191208,12.25769231
1136,191209,11.96538462
1137,191210,11.51538462
1138,191211,9.907692308
1139,191212,7.857692308
1140,191301,7.684615385
1141,191302,7.5
1142,191303,7.315384615
1143,191304,6.8
1144,191305,6.3
1145,191306,5.238461538
1146,191307,4.769230769
1147,191308,4.642307692
1148,191309,4.492307692
1149,191310,4.434615385
1150,191311,4.223076923
1151,191312,4.292307692
1152,191401,4.203846154
1153,191402,4.230769231
1154,191403,4.419230769
1155,191404,5.530769231
1156,191405,5.55
1157,191406,5.992307692
1158,191407,6.057692308
1159,191408,6.288461538
1160,191409,6.915384615
1161,191410,7.423076923
1162,191411,7.861538462
1163,191412,9.003846154
1164,191501,10.41153846
1165,191502,12.71153846
1166,191503,15.05769231
1167,191504,17.52307692
1168,191505,19.61153846
1169,191506,23.96153846
1170,191507,28.55384615
1171,191508,33.01538462
1172,191509,36.07307692
1173,191510,39.48461538
1174,191511,42.13461538
1175,191512,44.14615385
1176,191601,47.00384615
1177,191602,50.31538462
1178,191603,54.43076923
1179,191604,58.86923077
1180,191605,63.43461538
1181,191606,66.66538462
1182,191607,69.76538462
1183,191608,71.28461538
1184,191609,73.82307692
1185,191610,76.57692308
1186,191611,79.97307692
1187,191612,82.84230769
1188,191701,86.58076923
1189,191702,89.75769231
1190,191703,94.35384615
1191,191704,96.43846154
1192,191705,101.2615385
1193,191706,105.9730769
1194,191707,111.5346154
1195,191708,117.0346154
1196,191709,120.7346154
1197,191710,120.9
1198,191711,123.9115385
1199,191712,128.7730769
1200,191801,132.2
1201,191802,134.1692308
1202,191803,135.8961538
1203,191804,137.5
1204,191805,138.1230769
1205,191806,137.3230769
1206,191807,139.4576923
1207,191808,141.6384615
1208,191809,143.3269231
1209,191810,146.5230769
1210,191811,148.9807692
1211,191812,149.5192308
1212,191901,148.3923077
1213,191902,150.0923077
1214,191903,149.5692308
1215,191904,148.2769231
1216,191905,147.85
1217,191906,150.1846154
1218,191907,147.0153846
1219,191908,144.0807692
1220,191909,139.9038462
1221,191910,133.3769231
1222,191911,127.7730769
1223,191912,125.3769231
1224,192001,122.4769231
1225,192002,117.6423077
1226,192003,115.9846154
1227,192004,112.7538462
1228,192005,110.2538462
1229,192006,107.5807692
1230,192007,104.4192308
1231,192008,101.8384615
1232,192009,97.26153846
1233,192010,93.91923077
1234,192011,90.53846154
1235,192012,87.00384615
1236,192101,83.67692308
1237,192102,81.7
1238,192103,80.32692308
1239,192104,77.30769231
1240,192105,74.46538462
1241,192106,73.30769231
1242,192107,70.33846154
1243,192108,64.67307692
1244,192109,61.66538462
1245,192110,58.40384615
1246,192111,56.03846154
1247,192112,53.95769231
1248,192201,52.02692308
1249,192202,51.48461538
1250,192203,51.71538462
1251,192204,48.96538462
1252,192205,44.98461538
1253,192206,44.41153846
1254,192207,42.98461538
1255,192208,40.91923077
1256,192209,39.46153846
1257,192210,38.63461538
1258,192211,36.77692308
1259,192212,34.71153846
1260,192301,33.25769231
1261,192302,31.43846154
1262,192303,29.63076923
1263,192304,28.21153846
1264,192305,26.70384615
1265,192306,25.21538462
1266,192307,24.01923077
1267,192308,21.88846154
1268,192309,20.05769231
1269,192310,19.34615385
1270,192311,18.85
1271,192312,17.86153846
1272,192401,16.75384615
1273,192402,15.77692308
1274,192403,15.13461538
1275,192404,14.17307692
1276,192405,11.99230769
1277,192406,12.82692308
1278,192407,14.11538462
1279,192408,14.97307692
1280,192409,15.88076923
1281,192410,17.1
1282,192411,18.24230769
1283,192412,18.9
1284,192501,18.78076923
1285,192502,19.15
1286,192503,20.01538462
1287,192504,21.95769231
1288,192505,24.49230769
1289,192506,27.14230769
1290,192507,29.40769231
1291,192508,31.25384615
1292,192509,34.88461538
1293,192510,39.28846154
1294,192511,42.19230769
1295,192512,47.76538462
1296,192601,51.72692308
1297,192602,56.02692308
1298,192603,60.00384615
1299,192604,62.14615385
1300,192605,66.14615385
1301,192606,70.12692308
1302,192607,72.15
1303,192608,74.56153846
1304,192609,76.65769231
1305,192610,80.01153846
1306,192611,82.27692308
1307,192612,85.73076923
1308,192701,89.51923077
1309,192702,94.42692308
1310,192703,98.54230769
1311,192704,103.05
1312,192705,106.9692308
1313,192706,108.7192308
1314,192707,109.4961538
1315,192708,109.9
1316,192709,111.8192308
1317,192710,113.4307692
1318,192711,113.8846154
1319,192712,112.3461538
1320,192801,113.9461538
1321,192802,112.3307692
1322,192803,113.2038462
1323,192804,113.8923077
1324,192805,114.8192308
1325,192806,118.2115385
1326,192807,120.3807692
1327,192808,121.0423077
1328,192809,123.4423077
1329,192810,123.4269231
1330,192811,122.7538462
1331,192812,121.9461538
1332,192901,122.4846154
1333,192902,121.4192308
1334,192903,119.4115385
1335,192904,116.8269231
1336,192905,116.0923077
1337,192906,114.7115385
1338,192907,114.1423077
1339,192908,114.5692308
1340,192909,113.25
1341,192910,113.2692308
1342,192911,114.0769231
1343,192912,116.95
1344,193001,116.8230769
1345,193002,117.1230769
1346,193003,114.0153846
1347,193004,111.7576923
1348,193005,108.6423077
1349,193006,105.3230769
1350,193007,101.7923077
1351,193008,97.52692308
1352,193009,93.3
1353,193010,90.13076923
1354,193011,86.66153846
1355,193012,84.38076923
1356,193101,82.09230769
1357,193102,81.07307692
1358,193103,78.58461538
1359,193104,76.55769231
1360,193105,74.90384615
1361,193106,72.50384615
1362,193107,69.88846154
1363,193108,66.10769231
1364,193109,62.82307692
1365,193110,59.24615385
1366,193111,58.24230769
1367,193112,55.91923077
1368,193201,51.49615385
1369,193202,45.25384615
1370,193203,41.79230769
1371,193204,39.31538462
1372,193205,38.21153846
1373,193206,37.18076923
1374,193207,35.43461538
1375,193208,34.02307692
1376,193209,32.87307692
1377,193210,31.84615385
1378,193211,30.31538462
1379,193212,28.82692308
1380,193301,27.32692308
1381,193302,27.09230769
1382,193303,26.8
1383,193304,24.22692308
1384,193305,22.50384615
1385,193306,20.83846154
1386,193307,19.45
1387,193308,18.48461538
1388,193309,17.69615385
1389,193310,17.05769231
1390,193311,15.87692308
1391,193312,15.25384615
1392,193401,14.27307692
1393,193402,13.62692308
1394,193403,13.13076923
1395,193404,13.17692308
1396,193405,13.71923077
1397,193406,13.43076923
1398,193407,12.87692308
1399,193408,11.99230769
1400,193409,11.63461538
1401,193410,11.56538462
1402,193411,11.86923077
1403,193412,12.28846154
1404,193501,12.95769231
1405,193502,13.55769231
1406,193503,14.25384615
1407,193504,13.61923077
1408,193505,14.71923077
1409,193506,17.46153846
1410,193507,19.43076923
1411,193508,21.02692308
1412,193509,23.54230769
1413,193510,26.93846154
1414,193511,30.72692308
1415,193512,34.47692308
1416,193601,38.46538462
1417,193602,43.21538462
1418,193603,47.93461538
1419,193604,52.23846154
1420,193605,55.45769231
1421,193606,59.22307692
1422,193607,61.31153846
1423,193608,66.45769231
1424,193609,70.74230769
1425,193610,75.90769231
1426,193611,83.04615385
1427,193612,90.58846154
1428,193701,98.52692308
1429,193702,105.7730769
1430,193703,109.95
1431,193704,115.6461538
1432,193705,121.6423077
1433,193706,129.2076923
1434,193707,136.7615385
1435,193708,142.6576923
1436,193709,146.9423077
1437,193710,153.0192308
1438,193711,155.0884615
1439,193712,157.3653846
1440,193801,159.5576923
1441,193802,163.2538462
1442,193803,164.7730769
1443,193804,166.4846154
1444,193805,169.7115385
1445,193806,171.1653846
1446,193807,178.2692308
1447,193808,181.1961538
1448,193809,183.5846154
1449,193810,184.3653846
1450,193811,187.3230769
1451,193812,187.5730769
1452,193901,185.3269231
1453,193902,182.3807692
1454,193903,178.0307692
1455,193904,176.7923077
1456,193905,179.0076923
1457,193906,178.4730769
1458,193907,177.25
1459,193908,175.6807692
1460,193909,173.6
1461,193910,170.4230769
1462,193911,168.3384615
1463,193912,163.0307692
1464,194001,161.5
1465,194002,159.6230769
1466,194003,158.6576923
1467,194004,154.9076923
1468,194005,152.8461538
1469,194006,151.7461538
1470,194007,147.9076923
1471,194008,148.4192308
1472,194009,142.0807692
1473,194010,138.1846154
1474,194011,136.1884615
1475,194012,134.2076923
1476,194101,129.3038462
1477,194102,126.2115385
1478,194103,124.0423077
1479,194104,121.1807692
1480,194105,118.9192308
1481,194106,115.7538462
1482,194107,112.45
1483,194108,109.8269231
1484,194109,107.7961538
1485,194110,103.9846154
1486,194111,99.22692308
1487,194112,95.73846154
1488,194201,93.65384615
1489,194202,94.33461538
1490,194203,94.57692308
1491,194204,94.65769231
1492,194205,90.92307692
1493,194206,87.76153846
1494,194207,85.41538462
1495,194208,81.33461538
1496,194209,78.11153846
1497,194210,72.57692308
1498,194211,70.28846154
1499,194212,68.21538462
1500,194301,65.26538462
1501,194302,62.73846154
1502,194303,61.56923077
1503,194304,60.38461538
1504,194305,58.31153846
1505,194306,56.7
1506,194307,55.66153846
1507,194308,53.07307692
1508,194309,49.43076923
1509,194310,46.08076923
1510,194311,42.51153846
1511,194312,40.75
1512,194401,38.52307692
1513,194402,36.39230769
1514,194403,34.80769231
1515,194404,31.44230769
1516,194405,28.12307692
1517,194406,24.54615385
1518,194407,23.26538462
1519,194408,23.61153846
1520,194409,23.38461538
1521,194410,23.16923077
1522,194411,22.75384615
1523,194412,23.34615385
1524,194501,22.55769231
1525,194502,21.92692308
1526,194503,22.51153846
1527,194504,22.71538462
1528,194505,22.91923077
1529,194506,23.56153846
1530,194507,25.38461538
1531,194508,26.55384615
1532,194509,27.94230769
1533,194510,31.10384615
1534,194511,33.40769231
1535,194512,34.66538462
1536,194601,37.06153846
1537,194602,41.38461538
1538,194603,46.06153846
1539,194604,50.88076923
1540,194605,55.62307692
1541,194606,60.32307692
1542,194607,67.61538462
1543,194608,74.17307692
1544,194609,79.9
1545,194610,85.38461538
1546,194611,92.40769231
1547,194612,99.13076923
1548,194701,104.7384615
1549,194702,110.1807692
1550,194703,116.0653846
1551,194704,123.4076923
1552,194705,132.9884615
1553,194706,139.8615385
1554,194707,146.4961538
1555,194708,154.4653846
1556,194709,160.9615385
1557,194710,168.2153846
1558,194711,172.9538462
1559,194712,174.8923077
1560,194801,177.8538462
1561,194802,180.7884615
1562,194803,182.9038462
1563,194804,187.7
1564,194805,192.2653846
1565,194806,196.55
1566,194807,198.85
1567,194808,202.7384615
1568,194809,203.0923077
1569,194810,203.6384615
1570,194811,202.8
1571,194812,203.7538462
1572,194901,202.3038462
1573,194902,204.4230769
1574,194903,206.7038462
1575,194904,207.4423077
1576,194905,206.1576923
1577,194906,204.6307692
1578,194907,200.5269231
1579,194908,198.3423077
1580,194909,197.6615385
1581,194910,194.5423077
1582,194911,193.1307692
1583,194912,190.6269231
1584,195001,189.1884615
1585,195002,188.0115385
1586,195003,188.0807692
1587,195004,189.5653846
1588,195005,190.1884615
1589,195006,184.4115385
1590,195007,179.8923077
1591,195008,175.3961538
1592,195009,170.4461538
1593,195010,165.1884615
1594,195011,160.3730769
1595,195012,155.9038462
1596,195101,153.9576923
1597,195102,149.7076923
1598,195103,146.2730769
1599,195104,141.4153846
1600,195105,138.75
1601,195106,136.2230769
1602,195107,133.7923077
1603,195108,130.4884615
1604,195109,128.1576923
1605,195110,124.2346154
1606,195111,119.1730769
1607,195112,114.5076923
1608,195201,108.9192308
1609,195202,103.7576923
1610,195203,99.43461538
1611,195204,95.87307692
1612,195205,91.18846154
1613,195206,87.01153846
1614,195207,83.38076923
1615,195208,81.82307692
1616,195209,78.41923077
1617,195210,75.09615385
1618,195211,73.52307692
1619,195212,72.05769231
1620,195301,70.52692308
1621,195302,67.80384615
1622,195303,65.1
1623,195304,63.36153846
1624,195305,61.01538462
1625,195306,57.16153846
1626,195307,51.73846154
1627,195308,47.55384615
1628,195309,45.27692308
1629,195310,42.42307692
1630,195311,37.99230769
1631,195312,35.32307692
1632,195401,32.48461538
1633,195402,30.01538462
1634,195403,28.39615385
1635,195404,27.25384615
1636,195405,26.08846154
1637,195406,24.5
1638,195407,23.48846154
1639,195408,21.97307692
1640,195409,19.90384615
1641,195410,17.31538462
1642,195411,16.27692308
1643,195412,15.39615385
1644,195501,15.45769231
1645,195502,14.72692308
1646,195503,13.55
1647,195504,13.95384615
1648,195505,14.97692308
1649,195506,15.19230769
1650,195507,15.95769231
1651,195508,16.97692308
1652,195509,18.82692308
1653,195510,20.72692308
1654,195511,24.50769231
1655,195512,28.21923077
1656,195601,32.12692308
1657,195602,38.73076923
1658,195603,45.16538462
1659,195604,51.16153846
1660,195605,57.99230769
1661,195606,64.23846154
1662,195607,71.21923077
1663,195608,80.44230769
1664,195609,89.6
1665,195610,97.57307692
1666,195611,108.4461538
1667,195612,118.5038462
1668,195701,126.9769231
1669,195702,133.6384615
1670,195703,140.9230769
1671,195704,149.3115385
1672,195705,157.9923077
1673,195706,168.2961538
1674,195707,176.9038462
1675,195708,183.7692308
1676,195709,195.1461538
1677,195710,206.7384615
1678,195711,215.8846154
1679,195712,225.7307692
1680,195801,231.9
1681,195802,236.7
1682,195803,243.0807692
1683,195804,247.0038462
1684,195805,250.1
1685,195806,253.4153846
1686,195807,256.4
1687,195808,260.9538462
1688,195809,264.8923077
1689,195810,265.5346154
1690,195811,264.3884615
1691,195812,266.15
1692,195901,267.0230769
1693,195902,264.3538462
1694,195903,265.4807692
1695,195904,267.2807692
1696,195905,268.0807692
1697,195906,267.7307692
1698,195907,266.9192308
1699,195908,266.8538462
1700,195909,264.5653846
1701,195910,262.0269231
1702,195911,255.9346154
1703,195912,248.9230769
1704,196001,245.4076923
1705,196002,238.1346154
1706,196003,232.6692308
1707,196004,230.3269231
1708,196005,226.4538462
1709,196006,221.7769231
1710,196007,218.8615385
1711,196008,216.8269231
1712,196009,213.3307692
1713,196010,206.9384615
1714,196011,200.8538462
1715,196012,195.6346154
1716,196101,190.5
1717,196102,182.7961538
1718,196103,173.8538462
1719,196104,169.4038462
1720,196105,162.0692308
1721,196106,157.3846154
1722,196107,151.8346154
1723,196108,145.6923077
1724,196109,141.0076923
1725,196110,132.2038462
1726,196111,126.0846154
1727,196112,122.2076923
1728,196201,117.5730769
1729,196202,113.5192308
1730,196203,108.0461538
1731,196204,104.8153846
1732,196205,101.6346154
1733,196206,97.28461538
1734,196207,91.98076923
1735,196208,87.19230769
1736,196209,83.35769231
1737,196210,78.20769231
1738,196211,72.77307692
1739,196212,69.53846154
1740,196301,65.76153846
1741,196302,62.45384615
1742,196303,60.25
1743,196304,59.33846154
1744,196305,58.79615385
1745,196306,57.42307692
1746,196307,55.74615385
1747,196308,53.36153846
1748,196309,51.66538462
1749,196310,50.54615385
1750,196311,48.37692308
1751,196312,47.14230769
1752,196401,46.22307692
1753,196402,45.00769231
1754,196403,43.81538462
1755,196404,41.55384615
1756,196405,39.60769231
1757,196406,37.59230769
1758,196407,35.39615385
1759,196408,33.63461538
1760,196409,32.69615385
1761,196410,31.83846154
1762,196411,29.46923077
1763,196412,28.16153846
1764,196501,27.64615385
1765,196502,27.16923077
1766,196503,26.73846154
1767,196504,25.77692308
1768,196505,26.15
1769,196506,25.44230769
1770,196507,23.75769231
1771,196508,22.3
1772,196509,22.13846154
1773,196510,21.43076923
1774,196511,20.18461538
1775,196512,19.20769231
1776,196601,19.46153846
1777,196602,19.98846154
1778,196603,20.51923077
1779,196604,22.2
1780,196605,23.74230769
1781,196606,25.85
1782,196607,28.38461538
1783,196608,30.65769231
1784,196609,33.20769231
1785,196610,35.8
1786,196611,38.64615385
1787,196612,42.13076923
1788,196701,47.74230769
1789,196702,51.99230769
1790,196703,57.10384615
1791,196704,60.08846154
1792,196705,64.12692308
1793,196706,67.40384615
1794,196707,71.05769231
1795,196708,76
1796,196709,79.51538462
1797,196710,83.81153846
1798,196711,88.00769231
1799,196712,93.77307692
1800,196801,99.53076923
1801,196802,104.6769231
1802,196803,108.1461538
1803,196804,111.2115385
1804,196805,116.7346154
1805,196806,120.0884615
1806,196807,122.8576923
1807,196808,126.2076923
1808,196809,129.5076923
1809,196810,132.5807692
1810,196811,134.5269231
1811,196812,137.3846154
1812,196901,139.9538462
1813,196902,142.6730769
1814,196903,144.0307692
1815,196904,144.7423077
1816,196905,145.1884615
1817,196906,147.1769231
1818,196907,147.7384615
1819,196908,149.4076923
1820,196909,149.4
1821,196910,148.7692308
1822,196911,149.6807692
1823,196912,150.2038462
1824,197001,151.1384615
1825,197002,151.2076923
1826,197003,150.1769231
1827,197004,150.0461538
1828,197005,151.9692308
1829,197006,153.3653846
1830,197007,152.5692308
1831,197008,151.6269231
1832,197009,151.8038462
1833,197010,150.5653846
1834,197011,149.3653846
1835,197012,148.0461538
1836,197101,148.3346154
1837,197102,146.6538462
1838,197103,144.2730769
1839,197104,141.6230769
1840,197105,137.3615385
1841,197106,134.2692308
1842,197107,132.1461538
1843,197108,129.7192308
1844,197109,127.1884615
1845,197110,124.6730769
1846,197111,123.1423077
1847,197112,122.4153846
1848,197201,120.6692308
1849,197202,120.1576923
1850,197203,118.45
1851,197204,114.9423077
1852,197205,113.7192308
1853,197206,112.55
1854,197207,109.7730769
1855,197208,108.1423077
1856,197209,105.5038462
1857,197210,103.7807692
1858,197211,100.6423077
1859,197212,98.4
1860,197301,95.59230769
1861,197302,93.38846154
1862,197303,90.93461538
1863,197304,89.78076923
1864,197305,88.79615385
1865,197306,87.04615385
1866,197307,85.18846154
1867,197308,83.87692308
1868,197309,82.7
1869,197310,81.03461538
1870,197311,79.61153846
1871,197312,78.06923077
1872,197401,76.14230769
1873,197402,73.09615385
1874,197403,70.93846154
1875,197404,68.33076923
1876,197405,66.13076923
1877,197406,64.66538462
1878,197407,63.32692308
1879,197408,60.37307692
1880,197409,58.40769231
1881,197410,56.80384615
1882,197411,54.69615385
1883,197412,52.49230769
1884,197501,51.26538462
1885,197502,49.43461538
1886,197503,47.70769231
1887,197504,45.66153846
1888,197505,43.65
1889,197506,41.14615385
1890,197507,40.38076923
1891,197508,40.40384615
1892,197509,39.90769231
1893,197510,39.02307692
1894,197511,36.86153846
1895,197512,35.62692308
1896,197601,34.76538462
1897,197602,33.73076923
1898,197603,33.42692308
1899,197604,33.04230769
1900,197605,32.55384615
1901,197606,31.03076923
1902,197607,28.97692308
1903,197608,27.92307692
1904,197609,25.65
1905,197610,24.95
1906,197611,23.05384615
1907,197612,21.32692308
1908,197701,20.86153846
1909,197702,21.00384615
1910,197703,20.45384615
1911,197704,20.54230769
1912,197705,20.93076923
1913,197706,22.74615385
1914,197707,23.41923077
1915,197708,24.43076923
1916,197709,25.27692308
1917,197710,25.48461538
1918,197711,26.30384615
1919,197712,28.14230769
1920,197801,29.90384615
1921,197802,34.55769231
1922,197803,38.26923077
1923,197804,43.45384615
1924,197805,46.74615385
1925,197806,50.87307692
1926,197807,54.00769231
1927,197808,56.48846154
1928,197809,63.90384615
1929,197810,69.78846154
1930,197811,74.34615385
1931,197812,79.89230769
1932,197901,88.66153846
1933,197902,95.29230769
1934,197903,101.8884615
1935,197904,106.1346154
1936,197905,112.9538462
1937,197906,120.3653846
1938,197907,128.0076923
1939,197908,133.6423077
1940,197909,142.7307692
1941,197910,151.2153846
1942,197911,158.7961538
1943,197912,166.0076923
1944,198001,173.1038462
1945,198002,179.1807692
1946,198003,183.2192308
1947,198004,187.05
1948,198005,192.6769231
1949,198006,195.8115385
1950,198007,198.7269231
1951,198008,200.9230769
1952,198009,205.5346154
1953,198010,211.3384615
1954,198011,211.8692308
1955,198012,214.5538462
1956,198101,215.25
1957,198102,215.8653846
1958,198103,214.3538462
1959,198104,215.5307692
1960,198105,215.5076923
1961,198106,215.0423077
1962,198107,215.6192308
1963,198108,216.8038462
1964,198109,217.5576923
1965,198110,218.1269231
1966,198111,215.0153846
1967,198112,212.3923077
1968,198201,208.1730769
1969,198202,207.4538462
1970,198203,207.2615385
1971,198204,205.3730769
1972,198205,203.0884615
1973,198206,200.4538462
1974,198207,196.0192308
1975,198208,193.6807692
1976,198209,192.7
1977,198210,190.4923077
1978,198211,186.95
1979,198212,184.4769231
1980,198301,180.8615385
1981,198302,174.1769231
1982,198303,171.5653846
1983,198304,168.4769231
1984,198305,166.0115385
1985,198306,162.4038462
1986,198307,159.1038462
1987,198308,157.7346154
1988,198309,152.5269231
1989,198310,145.9884615
1990,198311,138.3115385
1991,198312,131.75
1992,198401,127.4730769
1993,198402,124.1961538
1994,198403,122.9230769
1995,198404,117.5192308
1996,198405,112.7423077
1997,198406,108.6961538
1998,198407,106.25
1999,198408,101.3
2000,198409,96.80769231
2001,198410,91.06538462
2002,198411,85.64615385
2003,198412,81.30384615
2004,198501,77.08461538
2005,198502,71.38076923
2006,198503,67.58846154
2007,198504,65.56153846
2008,198505,63.39615385
2009,198506,60.26923077
2010,198507,56.70769231
2011,198508,52.03846154
2012,198509,48.01538462
2013,198510,45.16923077
2014,198511,43.16923077
2015,198512,40.98846154
2016,198601,39.33846154
2017,198602,38.65769231
2018,198603,36.31153846
2019,198604,32.93461538
2020,198605,29.06538462
2021,198606,25.61153846
2022,198607,22.58076923
2023,198608,20.45769231
2024,198609,18.51153846
2025,198610,18.70769231
2026,198611,18.43076923
2027,198612,18.16923077
2028,198701,17.52692308
2029,198702,16.83461538
2030,198703,16.81923077
2031,198704,17.79230769
2032,198705,18.64615385
2033,198706,18.58461538
2034,198707,18.80769231
2035,198708,19.56153846
2036,198709,19.65
2037,198710,21.7
2038,198711,23.41153846
2039,198712,23.68461538
2040,198801,25.70769231
2041,198802,26.84615385
2042,198803,30.24615385
2043,198804,33.35769231
2044,198805,35.68076923
2045,198806,39.6
2046,198807,44.03461538
2047,198808,49.37307692
2048,198809,54.16538462
2049,198810,59.80384615
2050,198811,65.63846154
2051,198812,72.98846154
2052,198901,80.47692308
2053,198902,88.28076923
2054,198903,94.45769231
2055,198904,100.7230769
2056,198905,107.5692308
2057,198906,116.7423077
2058,198907,122.1807692
2059,198908,130.3807692
2060,198909,137.5692308
2061,198910,143.8884615
2062,198911,151.4269231
2063,198912,157.1192308
2064,199001,163.9884615
2065,199002,169.4769231
2066,199003,174.1384615
2067,199004,179.6884615
2068,199005,182.9192308
2069,199006,184.6307692
2070,199007,189.1269231
2071,199008,194.0423077
2072,199009,195.4923077
2073,199010,197.8
2074,199011,199.1884615
2075,199012,200.75
2076,199101,202.2307692
2077,199102,202.5807692
2078,199103,202.0769231
2079,199104,201.65
2080,199105,201.5153846
2081,199106,203.7615385
2082,199107,205.4846154
2083,199108,203.8038462
2084,199109,203.3576923
2085,199110,202.0153846
2086,199111,199.4923077
2087,199112,199.5076923
2088,199201,197.9730769
2089,199202,198.7153846
2090,199203,195.7769231
2091,199204,194.6384615
2092,199205,190.8923077
2093,199206,187.3846154
2094,199207,185.0384615
2095,199208,182.6769231
2096,199209,178.9423077
2097,199210,174.3769231
2098,199211,172.8576923
2099,199212,169.8807692
2100,199301,166.1346154
2101,199302,163.4692308
2102,199303,159.8961538
2103,199304,154.2846154
2104,199305,149.7384615
2105,199306,144.8153846
2106,199307,141.4884615
2107,199308,135.25
2108,199309,127.2115385
2109,199310,120.6846154
2110,199311,116.0423077
2111,199312,111.0923077
2112,199401,108.2230769
2113,199402,102.1576923
2114,199403,96.35769231
2115,199404,88.53846154
2116,199405,83.87692308
2117,199406,79.93461538
2118,199407,78.25384615
2119,199408,75.78461538
2120,199409,72.95
2121,199410,71.99615385
2122,199411,69.51538462
2123,199412,65.62307692
2124,199501,61.89230769
2125,199502,58.96153846
2126,199503,57.61153846
2127,199504,53.52692308
2128,199505,50.33461538
2129,199506,47.56923077
2130,199507,45.32307692
2131,199508,43.34615385
2132,199509,40.85769231
2133,199510,39.63076923
2134,199511,38.96923077
2135,199512,36.80769231
2136,199601,35.46538462
2137,199602,33.13076923
2138,199603,30.35
2139,199604,28.5
2140,199605,26.96538462
2141,199606,26.54615385
2142,199607,25.85384615
2143,199608,25.08461538
2144,199609,23.25384615
2145,199610,21.96153846
2146,199611,21.36153846
2147,199612,19.31923077
2148,199701,18.46923077
2149,199702,17.65384615
2150,199703,16.86538462
2151,199704,15.98846154
2152,199705,15.18461538
2153,199706,15.15384615
2154,199707,14.90384615
2155,199708,15.41153846
2156,199709,16.92307692
2157,199710,17.48461538
2158,199711,18.81923077
2159,199712,19.77692308
2160,199801,20.95
2161,199802,22.30769231
2162,199803,24.95
2163,199804,27.36923077
2164,199805,29.73076923
2165,199806,32.95
2166,199807,36.37692308
2167,199808,40.4
2168,199809,45.02307692
2169,199810,47.28461538
2170,199811,50.91153846
2171,199812,55.46923077
2172,199901,57.81923077
2173,199902,61.05
2174,199903,64.74615385
2175,199904,67.92307692
2176,199905,73.21153846
2177,199906,80.29615385
2178,199907,85.99230769
2179,199908,90.66538462
2180,199909,94.25769231
2181,199910,99.37307692
2182,199911,104.3192308
2183,199912,107.55
2184,200001,110.7307692
2185,200002,114.9692308
2186,200003,121.6307692
2187,200004,127.0653846
2188,200005,130.2923077
2189,200006,134.8076923
2190,200007,141.3576923
2191,200008,144.8192308
2192,200009,147.1
2193,200010,147.8884615
2194,200011,148.8923077
2195,200012,151.3846154
2196,200101,153.1269231
2197,200102,153.2153846
2198,200103,156.2846154
2199,200104,158.7346154
2200,200105,160.2192308
2201,200106,164.4230769
2202,200107,163.4
2203,200108,161.6423077
2204,200109,164.1307692
2205,200110,166.1230769
2206,200111,168.8269231
2207,200112,170.5461538
2208,200201,170.4038462
2209,200202,172.4576923
2210,200203,172.9961538
2211,200204,173.8115385
2212,200205,172.65
2213,200206,170.2384615
2214,200207,170.05
2215,200208,169.5730769
2216,200209,167.4038462
2217,200210,166.2769231
2218,200211,165.9384615
2219,200212,165.6961538
2220,200301,164.75
2221,200302,162.15
2222,200303,160.5384615
2223,200304,159.6307692
2224,200305,156.5923077
2225,200306,154.9384615
2226,200307,154.4076923
2227,200308,151.0423077
2228,200309,149.3307692
2229,200310,146.8807692
2230,200311,140.9076923
2231,200312,136.2192308
2232,200401,131.7576923
2233,200402,126.4192308
2234,200403,122.1961538
2235,200404,117.9269231
2236,200405,115.0692308
2237,200406,110.4384615
2238,200407,106.45
2239,200408,104.1769231
2240,200409,99.86153846
2241,200410,95.96153846
2242,200411,91.43076923
2243,200412,86.72692308
2244,200501,82.91538462
2245,200502,79.38461538
2246,200503,75.77307692
2247,200504,74.35
2248,200505,72.85769231
2249,200506,71.27692308
2250,200507,70.33846154
2251,200508,68.1
2252,200509,64.59615385
2253,200510,60.66538462
2254,200511,58.70384615
2255,200512,57.22307692
2256,200601,54.83846154
2257,200602,52.28076923
2258,200603,50.61538462
2259,200604,49.68076923
2260,200605,48.23461538
2261,200606,46.9
2262,200607,44.95384615
2263,200608,43.19615385
2264,200609,40.88461538
2265,200610,38.77692308
2266,200611,38.27307692
2267,200612,36.27692308
2268,200701,34.70769231
2269,200702,34.30384615
2270,200703,32.73076923
2271,200704,31.26538462
2272,200705,30.49230769
2273,200706,29.82307692
2274,200707,28.02307692
2275,200708,26.21538462
2276,200709,23.96923077
2277,200710,21.7
2278,200711,20.37692308
2279,200712,20.53461538
2280,200801,19.63461538
2281,200802,17.46538462
2282,200803,17.25769231
2283,200804,17.17692308
2284,200805,16.68846154
2285,200806,14.95384615
2286,200807,13.54615385
2287,200808,12.61538462
2288,200809,11.80769231
2289,200810,11.16923077
2290,200811,10.51153846
2291,200812,9.976923077
2292,200901,8.653846154
2293,200902,7.842307692
2294,200903,6.738461538
2295,200904,6.076923077
2296,200905,5.911538462
2297,200906,5.946153846
2298,200907,5.407692308
2299,200908,4.588461538
2300,200909,4.280769231
2301,200910,4.2
2302,200911,4.311538462
2303,200912,4.880769231
2304,201001,5.523076923
2305,201002,5.953846154
2306,201003,6.719230769
2307,201004,7.007692308
2308,201005,6.946153846
2309,201006,7.530769231
2310,201007,8.323076923
2311,201008,9.261538462
2312,201009,10.63846154
2313,201010,11.91923077
2314,201011,13.19615385
2315,201012,13.97692308
2316,201101,14.77307692
2317,201102,16.59230769
2318,201103,19.56538462
2319,201104,22.44615385
2320,201105,24.66153846
2321,201106,26.77307692
2322,201107,29.14230769
2323,201108,31.43076923
2324,201109,35.83846154
2325,201110,40.67307692
2326,201111,45.75
2327,201112,49.65769231
2328,201201,53.02307692
2329,201202,54.23461538
2330,201203,56.81538462
2331,201204,59.02307692
2332,201205,61.81153846
2333,201206,64.95
2334,201207,68.26538462
2335,201208,71.18846154
2336,201209,73.82307692
2337,201210,75.62692308
2338,201211,77.59615385
2339,201212,78.48846154
2340,201301,80.86153846
2341,201302,82.26153846
2342,201303,84.22307692
2343,201304,86.49230769
2344,201305,88.09230769
2345,201306,88.11538462
2346,201307,89.19230769
2347,201308,90.56538462
2348,201309,90.18076923
2349,201310,92.05
2350,201311,91.81153846
2351,201312,91.75384615
2352,201401,90.90384615
2353,201402,92.31923077
2354,201403,93.63846154
2355,201404,96.12692308
2356,201405,97.12307692
2357,201406,97.77692308
2358,201407,97.91923077
2359,201408,98.49230769
2360,201409,99.64230769
2361,201410,99.45769231
2362,201411,99.83846154
2363,201412,101.2384615
2364,201501,101.4461538
2365,201502,101.8269231
2366,201503,100.2269231
2367,201504,100.7807692
2368,201505,101.1846154
2369,201506,99.61538462
2370,201507,97.52307692
2371,201508,97.05
2372,201509,96.75769231
2373,201510,95.67307692
2374,201511,95.96923077
2375,201512,93.8
2376,201601,91.61153846
2377,201602,89.00384615
2378,201603,86.58461538
2379,201604,82.42307692
2380,201605,79.45384615
2381,201606,75.91538462
2382,201607,72.83461538
2383,201608,70.80769231
2384,201609,68.66923077
2385,201610,65.84230769
2386,201611,61.66538462
2387,201612,58.91538462
2388,201701,55.93461538
2389,201702,52.60769231
2390,201703,49.71153846
2391,201704,48.38846154
2392,201705,47.01923077
2393,201706,44.86153846
2394,201707,42.13076923
2395,201708,40.82692308
2396,201709,39.97692308
2397,201710,38.00769231
2398,201711,35.20384615
2399,201712,33.07307692
2400,201801,30.94230769
2401,201802,29.12307692
2402,201803,27.02692308
2403,201804,25.2
2404,201805,23.62307692
2405,201806,22.76538462
2406,201807,20.84615385
2407,201808,20.39230769
2408,201809,19.27307692
2409,201810,17.53076923
2410,201811,16.00384615
2411,201812,14.83846154
2412,201901,14.31153846
2413,201902,13.63076923
2414,201903,12.98846154
2415,201904,12.32307692
2416,201905,12.02307692
2417,201906,10.82692308
2418,201907,10.13461538
2419,201908,9.415384615
2420,201909,8.773076923
2421,201910,7.534615385
2422,201911,5.873076923
2423,201912,5.423076923
2424,202001,5.442307692
2425,202002,5.134615385
2426,202003,4.930769231
2427,202004,4.719230769
2428,202005,4.630769231
2429,202006,4.511538462
2430,202007,4.242307692
2431,202008,3.930769231
2432,202009,3.892307692
2433,202010,4.119230769
2434,202011,5.319230769
2435,202012,6.019230769
2436,202101,6.230769231
2437,202102,6.426923077
2438,202103,6.792307692
2439,202104,7.703846154
2440,202105,8.157692308
2441,202106,8.769230769
2442,202107,9.707692308
2443,202108,10.50769231
2444,202109,12.44615385
2445,202110,13.86538462
2446,202111,15.16153846
2447,202112,17.74230769
2448,202201,19.85
2449,202202,22.13461538
2450,202203,24.91923077
2451,202204,28.14230769
2452,202205,31.79615385
2453,202206,34.3
2454,202207,37.80769231
2455,202208,40.48461538
2456,202209,43.95384615
2457,202210,47.33461538
2458,202211,50.29615385
2459,202212,54.08461538