timestamp,Value
1/1/2017 0:00,505
1/1/2017 1:00,485
1/1/2017 2:00,466
1/1/2017 3:00,435
1/1/2017 4:00,405
1/1/2017 5:00,402
1/1/2017 6:00,407
1/1/2017 7:00,435
1/1/2017 8:00,472
1/1/2017 9:00,465
1/1/2017 10:00,473
1/1/2017 11:00,456
1/1/2017 12:00,474
1/1/2017 13:00,510
1/1/2017 14:00,596
1/1/2017 15:00,580
1/1/2017 16:00,556
1/1/2017 17:00,522
1/1/2017 18:00,495
1/1/2017 19:00,500
1/1/2017 20:00,484
1/1/2017 21:00,452
1/1/2017 22:00,427
1/1/2017 23:00,444
1/2/2017 0:00,428
1/2/2017 1:00,466
1/2/2017 2:00,452
1/2/2017 3:00,442
1/2/2017 4:00,390
1/2/2017 5:00,317
1/2/2017 6:00,139
1/2/2017 7:00,93
1/2/2017 8:00,27
1/2/2017 9:00,17
1/2/2017 10:00,22
1/2/2017 11:00,26
1/2/2017 12:00,193
1/2/2017 13:00,251
1/2/2017 14:00,174
1/2/2017 15:00,271
1/2/2017 16:00,251
1/2/2017 17:00,234
1/2/2017 18:00,179
1/2/2017 19:00,170
1/2/2017 20:00,139
1/2/2017 21:00,159
1/2/2017 22:00,210
1/2/2017 23:00,214
1/3/2017 0:00,283
1/3/2017 1:00,313
1/3/2017 2:00,341
1/3/2017 3:00,357
1/3/2017 4:00,347
1/3/2017 5:00,379
1/3/2017 6:00,375
1/3/2017 7:00,370
1/3/2017 8:00,365
1/3/2017 9:00,361
1/3/2017 10:00,295
1/3/2017 11:00,235
1/3/2017 12:00,238
1/3/2017 13:00,247
1/3/2017 14:00,256
1/3/2017 15:00,293
1/3/2017 16:00,310
1/3/2017 17:00,284
1/3/2017 18:00,356
1/3/2017 19:00,418
1/3/2017 20:00,505
1/3/2017 21:00,542
1/3/2017 22:00,548
1/3/2017 23:00,563
1/4/2017 0:00,576
1/4/2017 1:00,559
1/4/2017 2:00,577
1/4/2017 3:00,590
1/4/2017 4:00,565
1/4/2017 5:00,542
1/4/2017 6:00,482
1/4/2017 7:00,431
1/4/2017 8:00,382
1/4/2017 9:00,350
1/4/2017 10:00,384
1/4/2017 11:00,163
1/4/2017 12:00,251
1/4/2017 13:00,313
1/4/2017 14:00,335
1/4/2017 15:00,365
1/4/2017 16:00,343
1/4/2017 17:00,323
1/4/2017 18:00,332
1/4/2017 19:00,371
1/4/2017 20:00,395
1/4/2017 21:00,390
1/4/2017 22:00,369
1/4/2017 23:00,242
1/5/2017 0:00,164
1/5/2017 1:00,159
1/5/2017 2:00,159
1/5/2017 3:00,186
1/5/2017 4:00,228
1/5/2017 5:00,246
1/5/2017 6:00,330
1/5/2017 7:00,322
1/5/2017 8:00,302
1/5/2017 9:00,301
1/5/2017 10:00,286
1/5/2017 11:00,269
1/5/2017 12:00,261
1/5/2017 13:00,205
1/5/2017 14:00,200
1/5/2017 15:00,229
1/5/2017 16:00,206
1/5/2017 17:00,200
1/5/2017 18:00,216
1/5/2017 19:00,208
1/5/2017 20:00,204
1/5/2017 21:00,214
1/5/2017 22:00,220
1/5/2017 23:00,191
1/6/2017 0:00,198
1/6/2017 1:00,205
1/6/2017 2:00,216
1/6/2017 3:00,243
1/6/2017 4:00,227
1/6/2017 5:00,230
1/6/2017 6:00,259
1/6/2017 7:00,254
1/6/2017 8:00,254
1/6/2017 9:00,264
1/6/2017 10:00,293
1/6/2017 11:00,302
1/6/2017 12:00,246
1/6/2017 13:00,204
1/6/2017 14:00,205
1/6/2017 15:00,211
1/6/2017 16:00,230
1/6/2017 17:00,225
1/6/2017 18:00,223
1/6/2017 19:00,227
1/6/2017 20:00,234
1/6/2017 21:00,248
1/6/2017 22:00,260
1/6/2017 23:00,250
1/7/2017 0:00,267
1/7/2017 1:00,263
1/7/2017 2:00,251
1/7/2017 3:00,225
1/7/2017 4:00,291
1/7/2017 5:00,259
1/7/2017 6:00,227
1/7/2017 7:00,217
1/7/2017 8:00,215
1/7/2017 9:00,175
1/7/2017 10:00,162
1/7/2017 11:00,185
1/7/2017 12:00,194
1/7/2017 13:00,182
1/7/2017 14:00,130
1/7/2017 15:00,107
1/7/2017 16:00,111
1/7/2017 17:00,111
1/7/2017 18:00,116
1/7/2017 19:00,130
1/7/2017 20:00,137
1/7/2017 21:00,164
1/7/2017 22:00,197
1/7/2017 23:00,205
1/8/2017 0:00,65
1/8/2017 1:00,37
1/8/2017 2:00,24
1/8/2017 3:00,19
1/8/2017 4:00,20
1/8/2017 5:00,17
1/8/2017 6:00,17
1/8/2017 7:00,17
1/8/2017 8:00,22
1/8/2017 9:00,21
1/8/2017 10:00,24
1/8/2017 11:00,20
1/8/2017 12:00,25
1/8/2017 13:00,25
1/8/2017 14:00,23
1/8/2017 15:00,17
1/8/2017 16:00,20
1/8/2017 17:00,11
1/8/2017 18:00,16
1/8/2017 19:00,15
1/8/2017 20:00,11
1/8/2017 21:00,16
1/8/2017 22:00,11
1/8/2017 23:00,9
1/9/2017 0:00,13
1/9/2017 1:00,7
1/9/2017 2:00,6
1/9/2017 3:00,15
1/9/2017 4:00,11
1/9/2017 5:00,7
1/9/2017 6:00,6
1/9/2017 7:00,-999
1/9/2017 8:00,11
1/9/2017 9:00,14
1/9/2017 10:00,11
1/9/2017 11:00,16
1/9/2017 12:00,15
1/9/2017 13:00,13
1/9/2017 14:00,21
1/9/2017 15:00,20
1/9/2017 16:00,35
1/9/2017 17:00,36
1/9/2017 18:00,47
1/9/2017 19:00,60
1/9/2017 20:00,94
1/9/2017 21:00,136
1/9/2017 22:00,150
1/9/2017 23:00,151
1/10/2017 0:00,115
1/10/2017 1:00,60
1/10/2017 2:00,15
1/10/2017 3:00,10
1/10/2017 4:00,6
1/10/2017 5:00,4
1/10/2017 6:00,10
1/10/2017 7:00,8
1/10/2017 8:00,12
1/10/2017 9:00,8
1/10/2017 10:00,6
1/10/2017 11:00,9
1/10/2017 12:00,9
1/10/2017 13:00,6
1/10/2017 14:00,5
1/10/2017 15:00,10
1/10/2017 16:00,-999
1/10/2017 17:00,7
1/10/2017 18:00,7
1/10/2017 19:00,31
1/10/2017 20:00,84
1/10/2017 21:00,93
1/10/2017 22:00,86
1/10/2017 23:00,89
1/11/2017 0:00,88
1/11/2017 1:00,81
1/11/2017 2:00,93
1/11/2017 3:00,100
1/11/2017 4:00,105
1/11/2017 5:00,96
1/11/2017 6:00,74
1/11/2017 7:00,-999
1/11/2017 8:00,58
1/11/2017 9:00,55
1/11/2017 10:00,48
1/11/2017 11:00,61
1/11/2017 12:00,71
1/11/2017 13:00,58
1/11/2017 14:00,46
1/11/2017 15:00,41
1/11/2017 16:00,45
1/11/2017 17:00,76
1/11/2017 18:00,98
1/11/2017 19:00,99
1/11/2017 20:00,69
1/11/2017 21:00,36
1/11/2017 22:00,21
1/11/2017 23:00,35
1/12/2017 0:00,46
1/12/2017 1:00,20
1/12/2017 2:00,18
1/12/2017 3:00,25
1/12/2017 4:00,26
1/12/2017 5:00,30
1/12/2017 6:00,25
1/12/2017 7:00,19
1/12/2017 8:00,16
1/12/2017 9:00,24
1/12/2017 10:00,25
1/12/2017 11:00,24
1/12/2017 12:00,22
1/12/2017 13:00,51
1/12/2017 14:00,75
1/12/2017 15:00,66
1/12/2017 16:00,89
1/12/2017 17:00,102
1/12/2017 18:00,104
1/12/2017 19:00,116
1/12/2017 20:00,83
1/12/2017 21:00,18
1/12/2017 22:00,5
1/12/2017 23:00,7
1/13/2017 0:00,11
1/13/2017 1:00,9
1/13/2017 2:00,6
1/13/2017 3:00,6
1/13/2017 4:00,5
1/13/2017 5:00,5
1/13/2017 6:00,6
1/13/2017 7:00,6
1/13/2017 8:00,9
1/13/2017 9:00,8
1/13/2017 10:00,7
1/13/2017 11:00,12
1/13/2017 12:00,12
1/13/2017 13:00,15
1/13/2017 14:00,9
1/13/2017 15:00,7
1/13/2017 16:00,8
1/13/2017 17:00,7
1/13/2017 18:00,11
1/13/2017 19:00,17
1/13/2017 20:00,11
1/13/2017 21:00,17
1/13/2017 22:00,17
1/13/2017 23:00,20
1/14/2017 0:00,16
1/14/2017 1:00,11
1/14/2017 2:00,12
1/14/2017 3:00,11
1/14/2017 4:00,6
1/14/2017 5:00,5
1/14/2017 6:00,9
1/14/2017 7:00,11
1/14/2017 8:00,12
1/14/2017 9:00,17
1/14/2017 10:00,22
1/14/2017 11:00,14
1/14/2017 12:00,11
1/14/2017 13:00,8
1/14/2017 14:00,6
1/14/2017 15:00,12
1/14/2017 16:00,18
1/14/2017 17:00,18
1/14/2017 18:00,20
1/14/2017 19:00,31
1/14/2017 20:00,54
1/14/2017 21:00,47
1/14/2017 22:00,45
1/14/2017 23:00,38
1/15/2017 0:00,31
1/15/2017 1:00,20
1/15/2017 2:00,37
1/15/2017 3:00,53
1/15/2017 4:00,50
1/15/2017 5:00,52
1/15/2017 6:00,51
1/15/2017 7:00,35
1/15/2017 8:00,23
1/15/2017 9:00,33
1/15/2017 10:00,27
1/15/2017 11:00,32
1/15/2017 12:00,34
1/15/2017 13:00,42
1/15/2017 14:00,47
1/15/2017 15:00,55
1/15/2017 16:00,59
1/15/2017 17:00,69
1/15/2017 18:00,69
1/15/2017 19:00,69
1/15/2017 20:00,81
1/15/2017 21:00,85
1/15/2017 22:00,90
1/15/2017 23:00,89
1/16/2017 0:00,94
1/16/2017 1:00,99
1/16/2017 2:00,101
1/16/2017 3:00,111
1/16/2017 4:00,109
1/16/2017 5:00,102
1/16/2017 6:00,107
1/16/2017 7:00,93
1/16/2017 8:00,81
1/16/2017 9:00,75
1/16/2017 10:00,55
1/16/2017 11:00,58
1/16/2017 12:00,68
1/16/2017 13:00,89
1/16/2017 14:00,95
1/16/2017 15:00,99
1/16/2017 16:00,114
1/16/2017 17:00,126
1/16/2017 18:00,125
1/16/2017 19:00,139
1/16/2017 20:00,133
1/16/2017 21:00,143
1/16/2017 22:00,119
1/16/2017 23:00,119
1/17/2017 0:00,110
1/17/2017 1:00,103
1/17/2017 2:00,104
1/17/2017 3:00,121
1/17/2017 4:00,129
1/17/2017 5:00,133
1/17/2017 6:00,131
1/17/2017 7:00,126
1/17/2017 8:00,151
1/17/2017 9:00,133
1/17/2017 10:00,125
1/17/2017 11:00,151
1/17/2017 12:00,158
1/17/2017 13:00,168
1/17/2017 14:00,158
1/17/2017 15:00,136
1/17/2017 16:00,141
1/17/2017 17:00,178
1/17/2017 18:00,193
1/17/2017 19:00,183
1/17/2017 20:00,188
1/17/2017 21:00,180
1/17/2017 22:00,210
1/17/2017 23:00,179
1/18/2017 0:00,130
1/18/2017 1:00,111
1/18/2017 2:00,84
1/18/2017 3:00,47
1/18/2017 4:00,26
1/18/2017 5:00,23
1/18/2017 6:00,19
1/18/2017 7:00,20
1/18/2017 8:00,26
1/18/2017 9:00,20
1/18/2017 10:00,24
1/18/2017 11:00,19
1/18/2017 12:00,24
1/18/2017 13:00,17
1/18/2017 14:00,18
1/18/2017 15:00,27
1/18/2017 16:00,47
1/18/2017 17:00,58
1/18/2017 18:00,48
1/18/2017 19:00,51
1/18/2017 20:00,46
1/18/2017 21:00,57
1/18/2017 22:00,76
1/18/2017 23:00,74
1/19/2017 0:00,77
1/19/2017 1:00,91
1/19/2017 2:00,100
1/19/2017 3:00,112
1/19/2017 4:00,150
1/19/2017 5:00,129
1/19/2017 6:00,107
1/19/2017 7:00,111
1/19/2017 8:00,115
1/19/2017 9:00,96
1/19/2017 10:00,31
1/19/2017 11:00,18
1/19/2017 12:00,12
1/19/2017 13:00,13
1/19/2017 14:00,14
1/19/2017 15:00,11
1/19/2017 16:00,14
1/19/2017 17:00,9
1/19/2017 18:00,13
1/19/2017 19:00,10
1/19/2017 20:00,11
1/19/2017 21:00,8
1/19/2017 22:00,8
1/19/2017 23:00,7
1/20/2017 0:00,6
1/20/2017 1:00,5
1/20/2017 2:00,9
1/20/2017 3:00,7
1/20/2017 4:00,7
1/20/2017 5:00,8
1/20/2017 6:00,7
1/20/2017 7:00,7
1/20/2017 8:00,6
1/20/2017 9:00,18
1/20/2017 10:00,16
1/20/2017 11:00,22
1/20/2017 12:00,16
1/20/2017 13:00,13
1/20/2017 14:00,14
1/20/2017 15:00,23
1/20/2017 16:00,29
1/20/2017 17:00,27
1/20/2017 18:00,30
1/20/2017 19:00,43
1/20/2017 20:00,50
1/20/2017 21:00,52
1/20/2017 22:00,58
1/20/2017 23:00,69
1/21/2017 0:00,66
1/21/2017 1:00,69
1/21/2017 2:00,95
1/21/2017 3:00,117
1/21/2017 4:00,127
1/21/2017 5:00,107
1/21/2017 6:00,65
1/21/2017 7:00,11
1/21/2017 8:00,9
1/21/2017 9:00,6
1/21/2017 10:00,6
1/21/2017 11:00,7
1/21/2017 12:00,9
1/21/2017 13:00,6
1/21/2017 14:00,16
1/21/2017 15:00,7
1/21/2017 16:00,6
1/21/2017 17:00,9
1/21/2017 18:00,8
1/21/2017 19:00,9
1/21/2017 20:00,12
1/21/2017 21:00,10
1/21/2017 22:00,13
1/21/2017 23:00,9
1/22/2017 0:00,12
1/22/2017 1:00,19
1/22/2017 2:00,11
1/22/2017 3:00,12
1/22/2017 4:00,15
1/22/2017 5:00,17
1/22/2017 6:00,17
1/22/2017 7:00,14
1/22/2017 8:00,20
1/22/2017 9:00,16
1/22/2017 10:00,20
1/22/2017 11:00,21
1/22/2017 12:00,15
1/22/2017 13:00,19
1/22/2017 14:00,22
1/22/2017 15:00,28
1/22/2017 16:00,35
1/22/2017 17:00,56
1/22/2017 18:00,71
1/22/2017 19:00,68
1/22/2017 20:00,53
1/22/2017 21:00,52
1/22/2017 22:00,43
1/22/2017 23:00,43
1/23/2017 0:00,37
1/23/2017 1:00,33
1/23/2017 2:00,25
1/23/2017 3:00,17
1/23/2017 4:00,16
1/23/2017 5:00,14
1/23/2017 6:00,21
1/23/2017 7:00,19
1/23/2017 8:00,20
1/23/2017 9:00,19
1/23/2017 10:00,18
1/23/2017 11:00,21
1/23/2017 12:00,20
1/23/2017 13:00,22
1/23/2017 14:00,30
1/23/2017 15:00,41
1/23/2017 16:00,41
1/23/2017 17:00,44
1/23/2017 18:00,54
1/23/2017 19:00,69
1/23/2017 20:00,97
1/23/2017 21:00,103
1/23/2017 22:00,120
1/23/2017 23:00,129
1/24/2017 0:00,157
1/24/2017 1:00,154
1/24/2017 2:00,140
1/24/2017 3:00,142
1/24/2017 4:00,135
1/24/2017 5:00,139
1/24/2017 6:00,122
1/24/2017 7:00,68
1/24/2017 8:00,44
1/24/2017 9:00,33
1/24/2017 10:00,38
1/24/2017 11:00,32
1/24/2017 12:00,60
1/24/2017 13:00,74
1/24/2017 14:00,75
1/24/2017 15:00,84
1/24/2017 16:00,111
1/24/2017 17:00,129
1/24/2017 18:00,139
1/24/2017 19:00,144
1/24/2017 20:00,140
1/24/2017 21:00,143
1/24/2017 22:00,132
1/24/2017 23:00,146
1/25/2017 0:00,184
1/25/2017 1:00,193
1/25/2017 2:00,204
1/25/2017 3:00,220
1/25/2017 4:00,251
1/25/2017 5:00,256
1/25/2017 6:00,235
1/25/2017 7:00,193
1/25/2017 8:00,157
1/25/2017 9:00,143
1/25/2017 10:00,116
1/25/2017 11:00,123
1/25/2017 12:00,141
1/25/2017 13:00,145
1/25/2017 14:00,156
1/25/2017 15:00,167
1/25/2017 16:00,186
1/25/2017 17:00,204
1/25/2017 18:00,208
1/25/2017 19:00,218
1/25/2017 20:00,243
1/25/2017 21:00,249
1/25/2017 22:00,279
1/25/2017 23:00,289
1/26/2017 0:00,301
1/26/2017 1:00,299
1/26/2017 2:00,328
1/26/2017 3:00,361
1/26/2017 4:00,353
1/26/2017 5:00,355
1/26/2017 6:00,331
1/26/2017 7:00,311
1/26/2017 8:00,290
1/26/2017 9:00,288
1/26/2017 10:00,289
1/26/2017 11:00,308
1/26/2017 12:00,311
1/26/2017 13:00,152
1/26/2017 14:00,93
1/26/2017 15:00,38
1/26/2017 16:00,14
1/26/2017 17:00,16
1/26/2017 18:00,11
1/26/2017 19:00,9
1/26/2017 20:00,11
1/26/2017 21:00,7
1/26/2017 22:00,3
1/26/2017 23:00,6
1/27/2017 0:00,7
1/27/2017 1:00,10
1/27/2017 2:00,12
1/27/2017 3:00,8
1/27/2017 4:00,6
1/27/2017 5:00,5
1/27/2017 6:00,10
1/27/2017 7:00,17
1/27/2017 8:00,16
1/27/2017 9:00,13
1/27/2017 10:00,28
1/27/2017 11:00,27
1/27/2017 12:00,48
1/27/2017 13:00,42
1/27/2017 14:00,48
1/27/2017 15:00,46
1/27/2017 16:00,53
1/27/2017 17:00,65
1/27/2017 18:00,76
1/27/2017 19:00,97
1/27/2017 20:00,118
1/27/2017 21:00,171
1/27/2017 22:00,261
1/27/2017 23:00,359
1/28/2017 0:00,-999
1/28/2017 1:00,-999
1/28/2017 2:00,-999
1/28/2017 3:00,-999
1/28/2017 4:00,-999
1/28/2017 5:00,-999
1/28/2017 6:00,-999
1/28/2017 7:00,450
1/28/2017 8:00,395
1/28/2017 9:00,313
1/28/2017 10:00,267
1/28/2017 11:00,262
1/28/2017 12:00,275
1/28/2017 13:00,257
1/28/2017 14:00,241
1/28/2017 15:00,254
1/28/2017 16:00,262
1/28/2017 17:00,262
1/28/2017 18:00,246
1/28/2017 19:00,251
1/28/2017 20:00,269
1/28/2017 21:00,282
1/28/2017 22:00,299
1/28/2017 23:00,287
1/29/2017 0:00,313
1/29/2017 1:00,307
1/29/2017 2:00,259
1/29/2017 3:00,42
1/29/2017 4:00,11
1/29/2017 5:00,9
1/29/2017 6:00,7
1/29/2017 7:00,12
1/29/2017 8:00,9
1/29/2017 9:00,13
1/29/2017 10:00,10
1/29/2017 11:00,12
1/29/2017 12:00,16
1/29/2017 13:00,18
1/29/2017 14:00,11
1/29/2017 15:00,15
1/29/2017 16:00,16
1/29/2017 17:00,17
1/29/2017 18:00,15
1/29/2017 19:00,15
1/29/2017 20:00,14
1/29/2017 21:00,9
1/29/2017 22:00,6
1/29/2017 23:00,12
1/30/2017 0:00,12
1/30/2017 1:00,10
1/30/2017 2:00,14
1/30/2017 3:00,8
1/30/2017 4:00,11
1/30/2017 5:00,8
1/30/2017 6:00,8
1/30/2017 7:00,10
1/30/2017 8:00,10
1/30/2017 9:00,17
1/30/2017 10:00,13
1/30/2017 11:00,11
1/30/2017 12:00,10
1/30/2017 13:00,10
1/30/2017 14:00,12
1/30/2017 15:00,15
1/30/2017 16:00,20
1/30/2017 17:00,25
1/30/2017 18:00,121
1/30/2017 19:00,86
1/30/2017 20:00,72
1/30/2017 21:00,75
1/30/2017 22:00,72
1/30/2017 23:00,73
1/31/2017 0:00,86
1/31/2017 1:00,95
1/31/2017 2:00,98
1/31/2017 3:00,102
1/31/2017 4:00,100
1/31/2017 5:00,111
1/31/2017 6:00,113
1/31/2017 7:00,112
1/31/2017 8:00,100
1/31/2017 9:00,102
1/31/2017 10:00,91
1/31/2017 11:00,79
1/31/2017 12:00,77
1/31/2017 13:00,75
1/31/2017 14:00,78
1/31/2017 15:00,80
1/31/2017 16:00,82
1/31/2017 17:00,77
1/31/2017 18:00,76
1/31/2017 19:00,98
1/31/2017 20:00,110
1/31/2017 21:00,55
1/31/2017 22:00,15
1/31/2017 23:00,9
2/1/2017 0:00,7
2/1/2017 1:00,6
2/1/2017 2:00,5
2/1/2017 3:00,6
2/1/2017 4:00,7
2/1/2017 5:00,9
2/1/2017 6:00,7
2/1/2017 7:00,10
2/1/2017 8:00,8
2/1/2017 9:00,9
2/1/2017 10:00,12
2/1/2017 11:00,9
2/1/2017 12:00,10
2/1/2017 13:00,10
2/1/2017 14:00,14
2/1/2017 15:00,19
2/1/2017 16:00,17
2/1/2017 17:00,16
2/1/2017 18:00,51
2/1/2017 19:00,57
2/1/2017 20:00,95
2/1/2017 21:00,125
2/1/2017 22:00,134
2/1/2017 23:00,146
2/2/2017 0:00,181
2/2/2017 1:00,190
2/2/2017 2:00,154
2/2/2017 3:00,121
2/2/2017 4:00,90
2/2/2017 5:00,65
2/2/2017 6:00,52
2/2/2017 7:00,40
2/2/2017 8:00,31
2/2/2017 9:00,35
2/2/2017 10:00,41
2/2/2017 11:00,64
2/2/2017 12:00,59
2/2/2017 13:00,61
2/2/2017 14:00,69
2/2/2017 15:00,73
2/2/2017 16:00,79
2/2/2017 17:00,79
2/2/2017 18:00,105
2/2/2017 19:00,130
2/2/2017 20:00,153
2/2/2017 21:00,156
2/2/2017 22:00,167
2/2/2017 23:00,178
2/3/2017 0:00,211
2/3/2017 1:00,216
2/3/2017 2:00,226
2/3/2017 3:00,233
2/3/2017 4:00,200
2/3/2017 5:00,130
2/3/2017 6:00,84
2/3/2017 7:00,80
2/3/2017 8:00,79
2/3/2017 9:00,78
2/3/2017 10:00,68
2/3/2017 11:00,71
2/3/2017 12:00,83
2/3/2017 13:00,107
2/3/2017 14:00,142
2/3/2017 15:00,151
2/3/2017 16:00,198
2/3/2017 17:00,224
2/3/2017 18:00,252
2/3/2017 19:00,260
2/3/2017 20:00,284
2/3/2017 21:00,300
2/3/2017 22:00,319
2/3/2017 23:00,315
2/4/2017 0:00,317
2/4/2017 1:00,322
2/4/2017 2:00,330
2/4/2017 3:00,338
2/4/2017 4:00,351
2/4/2017 5:00,372
2/4/2017 6:00,386
2/4/2017 7:00,376
2/4/2017 8:00,365
2/4/2017 9:00,322
2/4/2017 10:00,303
2/4/2017 11:00,297
2/4/2017 12:00,291
2/4/2017 13:00,297
2/4/2017 14:00,290
2/4/2017 15:00,297
2/4/2017 16:00,352
2/4/2017 17:00,359
2/4/2017 18:00,365
2/4/2017 19:00,363
2/4/2017 20:00,38
2/4/2017 21:00,11
2/4/2017 22:00,6
2/4/2017 23:00,10
2/5/2017 0:00,8
2/5/2017 1:00,11
2/5/2017 2:00,22
2/5/2017 3:00,26
2/5/2017 4:00,18
2/5/2017 5:00,19
2/5/2017 6:00,22
2/5/2017 7:00,16
2/5/2017 8:00,13
2/5/2017 9:00,10
2/5/2017 10:00,8
2/5/2017 11:00,7
2/5/2017 12:00,7
2/5/2017 13:00,10
2/5/2017 14:00,9
2/5/2017 15:00,12
2/5/2017 16:00,19
2/5/2017 17:00,16
2/5/2017 18:00,5
2/5/2017 19:00,5
2/5/2017 20:00,5
2/5/2017 21:00,8
2/5/2017 22:00,7
2/5/2017 23:00,6
2/6/2017 0:00,6
2/6/2017 1:00,6
2/6/2017 2:00,4
2/6/2017 3:00,8
2/6/2017 4:00,5
2/6/2017 5:00,3
2/6/2017 6:00,7
2/6/2017 7:00,6
2/6/2017 8:00,7
2/6/2017 9:00,9
2/6/2017 10:00,6
2/6/2017 11:00,10
2/6/2017 12:00,8
2/6/2017 13:00,8
2/6/2017 14:00,6
2/6/2017 15:00,7
2/6/2017 16:00,9
2/6/2017 17:00,9
2/6/2017 18:00,16
2/6/2017 19:00,19
2/6/2017 20:00,24
2/6/2017 21:00,31
2/6/2017 22:00,38
2/6/2017 23:00,41
2/7/2017 0:00,49
2/7/2017 1:00,65
2/7/2017 2:00,70
2/7/2017 3:00,70
2/7/2017 4:00,64
2/7/2017 5:00,78
2/7/2017 6:00,61
2/7/2017 7:00,57
2/7/2017 8:00,70
2/7/2017 9:00,65
2/7/2017 10:00,82
2/7/2017 11:00,57
2/7/2017 12:00,40
2/7/2017 13:00,43
2/7/2017 14:00,48
2/7/2017 15:00,46
2/7/2017 16:00,52
2/7/2017 17:00,101
2/7/2017 18:00,114
2/7/2017 19:00,110
2/7/2017 20:00,115
2/7/2017 21:00,122
2/7/2017 22:00,124
2/7/2017 23:00,113
2/8/2017 0:00,113
2/8/2017 1:00,126
2/8/2017 2:00,116
2/8/2017 3:00,117
2/8/2017 4:00,131
2/8/2017 5:00,97
2/8/2017 6:00,76
2/8/2017 7:00,42
2/8/2017 8:00,18
2/8/2017 9:00,12
2/8/2017 10:00,9
2/8/2017 11:00,14
2/8/2017 12:00,16
2/8/2017 13:00,11
2/8/2017 14:00,11
2/8/2017 15:00,7
2/8/2017 16:00,6
2/8/2017 17:00,8
2/8/2017 18:00,6
2/8/2017 19:00,9
2/8/2017 20:00,6
2/8/2017 21:00,6
2/8/2017 22:00,5
2/8/2017 23:00,4
2/9/2017 0:00,6
2/9/2017 1:00,7
2/9/2017 2:00,8
2/9/2017 3:00,15
2/9/2017 4:00,10
2/9/2017 5:00,4
2/9/2017 6:00,2
2/9/2017 7:00,6
2/9/2017 8:00,7
2/9/2017 9:00,7
2/9/2017 10:00,7
2/9/2017 11:00,9
2/9/2017 12:00,10
2/9/2017 13:00,13
2/9/2017 14:00,12
2/9/2017 15:00,10
2/9/2017 16:00,7
2/9/2017 17:00,13
2/9/2017 18:00,9
2/9/2017 19:00,5
2/9/2017 20:00,9
2/9/2017 21:00,7
2/9/2017 22:00,5
2/9/2017 23:00,3
2/10/2017 0:00,7
2/10/2017 1:00,6
2/10/2017 2:00,9
2/10/2017 3:00,6
2/10/2017 4:00,7
2/10/2017 5:00,5
2/10/2017 6:00,5
2/10/2017 7:00,7
2/10/2017 8:00,7
2/10/2017 9:00,9
2/10/2017 10:00,13
2/10/2017 11:00,23
2/10/2017 12:00,15
2/10/2017 13:00,18
2/10/2017 14:00,12
2/10/2017 15:00,10
2/10/2017 16:00,14
2/10/2017 17:00,11
2/10/2017 18:00,9
2/10/2017 19:00,11
2/10/2017 20:00,7
2/10/2017 21:00,5
2/10/2017 22:00,8
2/10/2017 23:00,12
2/11/2017 0:00,8
2/11/2017 1:00,9
2/11/2017 2:00,9
2/11/2017 3:00,10
2/11/2017 4:00,9
2/11/2017 5:00,14
2/11/2017 6:00,11
2/11/2017 7:00,10
2/11/2017 8:00,22
2/11/2017 9:00,34
2/11/2017 10:00,30
2/11/2017 11:00,28
2/11/2017 12:00,18
2/11/2017 13:00,18
2/11/2017 14:00,15
2/11/2017 15:00,14
2/11/2017 16:00,16
2/11/2017 17:00,33
2/11/2017 18:00,51
2/11/2017 19:00,50
2/11/2017 20:00,81
2/11/2017 21:00,105
2/11/2017 22:00,250
2/11/2017 23:00,-999
2/12/2017 0:00,280
2/12/2017 1:00,301
2/12/2017 2:00,259
2/12/2017 3:00,161
2/12/2017 4:00,115
2/12/2017 5:00,81
2/12/2017 6:00,55
2/12/2017 7:00,77
2/12/2017 8:00,96
2/12/2017 9:00,105
2/12/2017 10:00,127
2/12/2017 11:00,173
2/12/2017 12:00,163
2/12/2017 13:00,146
2/12/2017 14:00,150
2/12/2017 15:00,161
2/12/2017 16:00,110
2/12/2017 17:00,127
2/12/2017 18:00,122
2/12/2017 19:00,129
2/12/2017 20:00,113
2/12/2017 21:00,133
2/12/2017 22:00,160
2/12/2017 23:00,178
2/13/2017 0:00,187
2/13/2017 1:00,207
2/13/2017 2:00,234
2/13/2017 3:00,225
2/13/2017 4:00,211
2/13/2017 5:00,152
2/13/2017 6:00,110
2/13/2017 7:00,113
2/13/2017 8:00,96
2/13/2017 9:00,88
2/13/2017 10:00,59
2/13/2017 11:00,36
2/13/2017 12:00,34
2/13/2017 13:00,29
2/13/2017 14:00,27
2/13/2017 15:00,27
2/13/2017 16:00,26
2/13/2017 17:00,-999
2/13/2017 18:00,18
2/13/2017 19:00,89
2/13/2017 20:00,123
2/13/2017 21:00,132
2/13/2017 22:00,181
2/13/2017 23:00,175
2/14/2017 0:00,183
2/14/2017 1:00,152
2/14/2017 2:00,168
2/14/2017 3:00,155
2/14/2017 4:00,148
2/14/2017 5:00,148
2/14/2017 6:00,147
2/14/2017 7:00,138
2/14/2017 8:00,153
2/14/2017 9:00,161
2/14/2017 10:00,190
2/14/2017 11:00,210
2/14/2017 12:00,226
2/14/2017 13:00,197
2/14/2017 14:00,196
2/14/2017 15:00,199
2/14/2017 16:00,208
2/14/2017 17:00,204
2/14/2017 18:00,203
2/14/2017 19:00,204
2/14/2017 20:00,227
2/14/2017 21:00,229
2/14/2017 22:00,237
2/14/2017 23:00,257
2/15/2017 0:00,266
2/15/2017 1:00,249
2/15/2017 2:00,237
2/15/2017 3:00,228
2/15/2017 4:00,235
2/15/2017 5:00,248
2/15/2017 6:00,240
2/15/2017 7:00,232
2/15/2017 8:00,229
2/15/2017 9:00,228
2/15/2017 10:00,238
2/15/2017 11:00,264
2/15/2017 12:00,242
2/15/2017 13:00,215
2/15/2017 14:00,215
2/15/2017 15:00,217
2/15/2017 16:00,216
2/15/2017 17:00,235
2/15/2017 18:00,242
2/15/2017 19:00,243
2/15/2017 20:00,252
2/15/2017 21:00,263
2/15/2017 22:00,260
2/15/2017 23:00,267
2/16/2017 0:00,271
2/16/2017 1:00,254
2/16/2017 2:00,270
2/16/2017 3:00,256
2/16/2017 4:00,264
2/16/2017 5:00,259
2/16/2017 6:00,266
2/16/2017 7:00,248
2/16/2017 8:00,179
2/16/2017 9:00,143
2/16/2017 10:00,93
2/16/2017 11:00,19
2/16/2017 12:00,15
2/16/2017 13:00,14
2/16/2017 14:00,14
2/16/2017 15:00,15
2/16/2017 16:00,9
2/16/2017 17:00,6
2/16/2017 18:00,6
2/16/2017 19:00,14
2/16/2017 20:00,13
2/16/2017 21:00,9
2/16/2017 22:00,7
2/16/2017 23:00,6
2/17/2017 0:00,6
2/17/2017 1:00,10
2/17/2017 2:00,10
2/17/2017 3:00,6
2/17/2017 4:00,6
2/17/2017 5:00,10
2/17/2017 6:00,11
2/17/2017 7:00,11
2/17/2017 8:00,12
2/17/2017 9:00,12
2/17/2017 10:00,8
2/17/2017 11:00,2
2/17/2017 12:00,3
2/17/2017 13:00,5
2/17/2017 14:00,9
2/17/2017 15:00,11
2/17/2017 16:00,35
2/17/2017 17:00,49
2/17/2017 18:00,67
2/17/2017 19:00,70
2/17/2017 20:00,62
2/17/2017 21:00,56
2/17/2017 22:00,57
2/17/2017 23:00,62
2/18/2017 0:00,71
2/18/2017 1:00,89
2/18/2017 2:00,96
2/18/2017 3:00,107
2/18/2017 4:00,99
2/18/2017 5:00,98
2/18/2017 6:00,91
2/18/2017 7:00,77
2/18/2017 8:00,80
2/18/2017 9:00,89
2/18/2017 10:00,102
2/18/2017 11:00,101
2/18/2017 12:00,85
2/18/2017 13:00,105
2/18/2017 14:00,90
2/18/2017 15:00,90
2/18/2017 16:00,70
2/18/2017 17:00,62
2/18/2017 18:00,75
2/18/2017 19:00,101
2/18/2017 20:00,114
2/18/2017 21:00,106
2/18/2017 22:00,127
2/18/2017 23:00,128
2/19/2017 0:00,141
2/19/2017 1:00,160
2/19/2017 2:00,181
2/19/2017 3:00,175
2/19/2017 4:00,170
2/19/2017 5:00,169
2/19/2017 6:00,166
2/19/2017 7:00,157
2/19/2017 8:00,164
2/19/2017 9:00,165
2/19/2017 10:00,162
2/19/2017 11:00,169
2/19/2017 12:00,172
2/19/2017 13:00,149
2/19/2017 14:00,61
2/19/2017 15:00,15
2/19/2017 16:00,14
2/19/2017 17:00,17
2/19/2017 18:00,14
2/19/2017 19:00,11
2/19/2017 20:00,11
2/19/2017 21:00,12
2/19/2017 22:00,9
2/19/2017 23:00,8
2/20/2017 0:00,5
2/20/2017 1:00,4
2/20/2017 2:00,5
2/20/2017 3:00,3
2/20/2017 4:00,2
2/20/2017 5:00,9
2/20/2017 6:00,6
2/20/2017 7:00,5
2/20/2017 8:00,8
2/20/2017 9:00,5
2/20/2017 10:00,7
2/20/2017 11:00,10
2/20/2017 12:00,10
2/20/2017 13:00,9
2/20/2017 14:00,7
2/20/2017 15:00,9
2/20/2017 16:00,12
2/20/2017 17:00,11
2/20/2017 18:00,17
2/20/2017 19:00,26
2/20/2017 20:00,24
2/20/2017 21:00,23
2/20/2017 22:00,31
2/20/2017 23:00,39
2/21/2017 0:00,45
2/21/2017 1:00,36
2/21/2017 2:00,48
2/21/2017 3:00,50
2/21/2017 4:00,58
2/21/2017 5:00,92
2/21/2017 6:00,85
2/21/2017 7:00,75
2/21/2017 8:00,71
2/21/2017 9:00,65
2/21/2017 10:00,60
2/21/2017 11:00,56
2/21/2017 12:00,53
2/21/2017 13:00,60
2/21/2017 14:00,57
2/21/2017 15:00,44
2/21/2017 16:00,42
2/21/2017 17:00,42
2/21/2017 18:00,55
2/21/2017 19:00,66
2/21/2017 20:00,78
2/21/2017 21:00,55
2/21/2017 22:00,61
2/21/2017 23:00,66
2/22/2017 0:00,62
2/22/2017 1:00,82
2/22/2017 2:00,82
2/22/2017 3:00,88
2/22/2017 4:00,91
2/22/2017 5:00,99
2/22/2017 6:00,98
2/22/2017 7:00,101
2/22/2017 8:00,107
2/22/2017 9:00,121
2/22/2017 10:00,134
2/22/2017 11:00,140
2/22/2017 12:00,136
2/22/2017 13:00,129
2/22/2017 14:00,119
2/22/2017 15:00,109
2/22/2017 16:00,65
2/22/2017 17:00,11
2/22/2017 18:00,11
2/22/2017 19:00,14
2/22/2017 20:00,8
2/22/2017 21:00,8
2/22/2017 22:00,8
2/22/2017 23:00,13
2/23/2017 0:00,12
2/23/2017 1:00,11
2/23/2017 2:00,11
2/23/2017 3:00,14
2/23/2017 4:00,11
2/23/2017 5:00,16
2/23/2017 6:00,19
2/23/2017 7:00,15
2/23/2017 8:00,3
2/23/2017 9:00,11
2/23/2017 10:00,12
2/23/2017 11:00,8
2/23/2017 12:00,7
2/23/2017 13:00,5
2/23/2017 14:00,9
2/23/2017 15:00,25
2/23/2017 16:00,24
2/23/2017 17:00,31
2/23/2017 18:00,33
2/23/2017 19:00,38
2/23/2017 20:00,36
2/23/2017 21:00,35
2/23/2017 22:00,45
2/23/2017 23:00,58
2/24/2017 0:00,61
2/24/2017 1:00,42
2/24/2017 2:00,55
2/24/2017 3:00,57
2/24/2017 4:00,20
2/24/2017 5:00,33
2/24/2017 6:00,27
2/24/2017 7:00,27
2/24/2017 8:00,21
2/24/2017 9:00,19
2/24/2017 10:00,23
2/24/2017 11:00,16
2/24/2017 12:00,11
2/24/2017 13:00,16
2/24/2017 14:00,12
2/24/2017 15:00,13
2/24/2017 16:00,13
2/24/2017 17:00,12
2/24/2017 18:00,14
2/24/2017 19:00,11
2/24/2017 20:00,12
2/24/2017 21:00,12
2/24/2017 22:00,11
2/24/2017 23:00,17
2/25/2017 0:00,6
2/25/2017 1:00,9
2/25/2017 2:00,38
2/25/2017 3:00,7
2/25/2017 4:00,6
2/25/2017 5:00,5
2/25/2017 6:00,4
2/25/2017 7:00,13
2/25/2017 8:00,13
2/25/2017 9:00,8
2/25/2017 10:00,15
2/25/2017 11:00,6
2/25/2017 12:00,7
2/25/2017 13:00,5
2/25/2017 14:00,3
2/25/2017 15:00,13
2/25/2017 16:00,8
2/25/2017 17:00,6
2/25/2017 18:00,12
2/25/2017 19:00,17
2/25/2017 20:00,20
2/25/2017 21:00,15
2/25/2017 22:00,23
2/25/2017 23:00,17
2/26/2017 0:00,18
2/26/2017 1:00,15
2/26/2017 2:00,24
2/26/2017 3:00,24
2/26/2017 4:00,22
2/26/2017 5:00,22
2/26/2017 6:00,23
2/26/2017 7:00,22
2/26/2017 8:00,25
2/26/2017 9:00,19
2/26/2017 10:00,23
2/26/2017 11:00,15
2/26/2017 12:00,16
2/26/2017 13:00,19
2/26/2017 14:00,25
2/26/2017 15:00,25
2/26/2017 16:00,23
2/26/2017 17:00,27
2/26/2017 18:00,27
2/26/2017 19:00,40
2/26/2017 20:00,43
2/26/2017 21:00,47
2/26/2017 22:00,54
2/26/2017 23:00,51
2/27/2017 0:00,47
2/27/2017 1:00,69
2/27/2017 2:00,104
2/27/2017 3:00,103
2/27/2017 4:00,122
2/27/2017 5:00,111
2/27/2017 6:00,91
2/27/2017 7:00,83
2/27/2017 8:00,85
2/27/2017 9:00,96
2/27/2017 10:00,104
2/27/2017 11:00,115
2/27/2017 12:00,113
2/27/2017 13:00,116
2/27/2017 14:00,95
2/27/2017 15:00,60
2/27/2017 16:00,51
2/27/2017 17:00,48
2/27/2017 18:00,46
2/27/2017 19:00,44
2/27/2017 20:00,45
2/27/2017 21:00,52
2/27/2017 22:00,60
2/27/2017 23:00,85
2/28/2017 0:00,51
2/28/2017 1:00,22
2/28/2017 2:00,23
2/28/2017 3:00,20
2/28/2017 4:00,10
2/28/2017 5:00,14
2/28/2017 6:00,12
2/28/2017 7:00,11
2/28/2017 8:00,11
2/28/2017 9:00,12
2/28/2017 10:00,7
2/28/2017 11:00,4
2/28/2017 12:00,4
2/28/2017 13:00,3
2/28/2017 14:00,4
2/28/2017 15:00,8
2/28/2017 16:00,8
2/28/2017 17:00,15
2/28/2017 18:00,16
2/28/2017 19:00,11
2/28/2017 20:00,19
2/28/2017 21:00,16
2/28/2017 22:00,17
2/28/2017 23:00,18
3/1/2017 0:00,18
3/1/2017 1:00,19
3/1/2017 2:00,7
3/1/2017 3:00,8
3/1/2017 4:00,8
3/1/2017 5:00,9
3/1/2017 6:00,6
3/1/2017 7:00,4
3/1/2017 8:00,4
3/1/2017 9:00,11
3/1/2017 10:00,15
3/1/2017 11:00,10
3/1/2017 12:00,18
3/1/2017 13:00,8
3/1/2017 14:00,29
3/1/2017 15:00,13
3/1/2017 16:00,8
3/1/2017 17:00,8
3/1/2017 18:00,9
3/1/2017 19:00,12
3/1/2017 20:00,13
3/1/2017 21:00,21
3/1/2017 22:00,33
3/1/2017 23:00,8
3/2/2017 0:00,16
3/2/2017 1:00,15
3/2/2017 2:00,18
3/2/2017 3:00,21
3/2/2017 4:00,35
3/2/2017 5:00,28
3/2/2017 6:00,26
3/2/2017 7:00,44
3/2/2017 8:00,49
3/2/2017 9:00,66
3/2/2017 10:00,66
3/2/2017 11:00,42
3/2/2017 12:00,37
3/2/2017 13:00,57
3/2/2017 14:00,51
3/2/2017 15:00,41
3/2/2017 16:00,35
3/2/2017 17:00,42
3/2/2017 18:00,37
3/2/2017 19:00,43
3/2/2017 20:00,62
3/2/2017 21:00,95
3/2/2017 22:00,68
3/2/2017 23:00,105
3/3/2017 0:00,103
3/3/2017 1:00,89
3/3/2017 2:00,94
3/3/2017 3:00,108
3/3/2017 4:00,99
3/3/2017 5:00,102
3/3/2017 6:00,108
3/3/2017 7:00,98
3/3/2017 8:00,87
3/3/2017 9:00,103
3/3/2017 10:00,113
3/3/2017 11:00,104
3/3/2017 12:00,90
3/3/2017 13:00,79
3/3/2017 14:00,88
3/3/2017 15:00,103
3/3/2017 16:00,116
3/3/2017 17:00,105
3/3/2017 18:00,93
3/3/2017 19:00,85
3/3/2017 20:00,72
3/3/2017 21:00,61
3/3/2017 22:00,57
3/3/2017 23:00,52
3/4/2017 0:00,45
3/4/2017 1:00,39
3/4/2017 2:00,47
3/4/2017 3:00,59
3/4/2017 4:00,57
3/4/2017 5:00,59
3/4/2017 6:00,62
3/4/2017 7:00,65
3/4/2017 8:00,70
3/4/2017 9:00,75
3/4/2017 10:00,85
3/4/2017 11:00,86
3/4/2017 12:00,85
3/4/2017 13:00,92
3/4/2017 14:00,100
3/4/2017 15:00,104
3/4/2017 16:00,110
3/4/2017 17:00,125
3/4/2017 18:00,129
3/4/2017 19:00,142
3/4/2017 20:00,143
3/4/2017 21:00,154
3/4/2017 22:00,169
3/4/2017 23:00,108
3/5/2017 0:00,35
3/5/2017 1:00,15
3/5/2017 2:00,12
3/5/2017 3:00,13
3/5/2017 4:00,10
3/5/2017 5:00,9
3/5/2017 6:00,10
3/5/2017 7:00,8
3/5/2017 8:00,16
3/5/2017 9:00,16
3/5/2017 10:00,25
3/5/2017 11:00,15
3/5/2017 12:00,17
3/5/2017 13:00,18
3/5/2017 14:00,16
3/5/2017 15:00,8
3/5/2017 16:00,8
3/5/2017 17:00,12
3/5/2017 18:00,15
3/5/2017 19:00,9
3/5/2017 20:00,10
3/5/2017 21:00,9
3/5/2017 22:00,14
3/5/2017 23:00,21
3/6/2017 0:00,12
3/6/2017 1:00,13
3/6/2017 2:00,16
3/6/2017 3:00,21
3/6/2017 4:00,17
3/6/2017 5:00,15
3/6/2017 6:00,29
3/6/2017 7:00,35
3/6/2017 8:00,51
3/6/2017 9:00,42
3/6/2017 10:00,39
3/6/2017 11:00,30
3/6/2017 12:00,19
3/6/2017 13:00,12
3/6/2017 14:00,10
3/6/2017 15:00,13
3/6/2017 16:00,12
3/6/2017 17:00,10
3/6/2017 18:00,11
3/6/2017 19:00,11
3/6/2017 20:00,12
3/6/2017 21:00,10
3/6/2017 22:00,7
3/6/2017 23:00,9
3/7/2017 0:00,6
3/7/2017 1:00,7
3/7/2017 2:00,6
3/7/2017 3:00,13
3/7/2017 4:00,8
3/7/2017 5:00,19
3/7/2017 6:00,12
3/7/2017 7:00,17
3/7/2017 8:00,9
3/7/2017 9:00,11
3/7/2017 10:00,6
3/7/2017 11:00,9
3/7/2017 12:00,16
3/7/2017 13:00,17
3/7/2017 14:00,10
3/7/2017 15:00,10
3/7/2017 16:00,20
3/7/2017 17:00,8
3/7/2017 18:00,7
3/7/2017 19:00,8
3/7/2017 20:00,6
3/7/2017 21:00,5
3/7/2017 22:00,4
3/7/2017 23:00,12
3/8/2017 0:00,9
3/8/2017 1:00,7
3/8/2017 2:00,10
3/8/2017 3:00,8
3/8/2017 4:00,9
3/8/2017 5:00,10
3/8/2017 6:00,11
3/8/2017 7:00,10
3/8/2017 8:00,7
3/8/2017 9:00,8
3/8/2017 10:00,7
3/8/2017 11:00,7
3/8/2017 12:00,17
3/8/2017 13:00,13
3/8/2017 14:00,17
3/8/2017 15:00,17
3/8/2017 16:00,14
3/8/2017 17:00,11
3/8/2017 18:00,17
3/8/2017 19:00,17
3/8/2017 20:00,19
3/8/2017 21:00,19
3/8/2017 22:00,25
3/8/2017 23:00,21
3/9/2017 0:00,18
3/9/2017 1:00,10
3/9/2017 2:00,10
3/9/2017 3:00,7
3/9/2017 4:00,5
3/9/2017 5:00,7
3/9/2017 6:00,11
3/9/2017 7:00,10
3/9/2017 8:00,11
3/9/2017 9:00,10
3/9/2017 10:00,8
3/9/2017 11:00,10
3/9/2017 12:00,8
3/9/2017 13:00,7
3/9/2017 14:00,8
3/9/2017 15:00,9
3/9/2017 16:00,8
3/9/2017 17:00,14
3/9/2017 18:00,16
3/9/2017 19:00,18
3/9/2017 20:00,23
3/9/2017 21:00,26
3/9/2017 22:00,23
3/9/2017 23:00,13
3/10/2017 0:00,12
3/10/2017 1:00,21
3/10/2017 2:00,12
3/10/2017 3:00,18
3/10/2017 4:00,17
3/10/2017 5:00,25
3/10/2017 6:00,30
3/10/2017 7:00,28
3/10/2017 8:00,22
3/10/2017 9:00,30
3/10/2017 10:00,33
3/10/2017 11:00,37
3/10/2017 12:00,32
3/10/2017 13:00,21
3/10/2017 14:00,21
3/10/2017 15:00,21
3/10/2017 16:00,28
3/10/2017 17:00,33
3/10/2017 18:00,-999
3/10/2017 19:00,47
3/10/2017 20:00,51
3/10/2017 21:00,61
3/10/2017 22:00,73
3/10/2017 23:00,90
3/11/2017 0:00,106
3/11/2017 1:00,116
3/11/2017 2:00,123
3/11/2017 3:00,127
3/11/2017 4:00,98
3/11/2017 5:00,89
3/11/2017 6:00,87
3/11/2017 7:00,86
3/11/2017 8:00,65
3/11/2017 9:00,60
3/11/2017 10:00,52
3/11/2017 11:00,45
3/11/2017 12:00,31
3/11/2017 13:00,18
3/11/2017 14:00,13
3/11/2017 15:00,15
3/11/2017 16:00,16
3/11/2017 17:00,12
3/11/2017 18:00,9
3/11/2017 19:00,12
3/11/2017 20:00,8
3/11/2017 21:00,11
3/11/2017 22:00,13
3/11/2017 23:00,14
3/12/2017 0:00,11
3/12/2017 1:00,9
3/12/2017 3:00,9
3/12/2017 3:00,11
3/12/2017 4:00,9
3/12/2017 5:00,6
3/12/2017 6:00,30
3/12/2017 7:00,10
3/12/2017 8:00,9
3/12/2017 9:00,12
3/12/2017 10:00,12
3/12/2017 11:00,7
3/12/2017 12:00,4
3/12/2017 13:00,12
3/12/2017 14:00,9
3/12/2017 15:00,8
3/12/2017 16:00,18
3/12/2017 17:00,15
3/12/2017 18:00,13
3/12/2017 19:00,17
3/12/2017 20:00,19
3/12/2017 21:00,17
3/12/2017 22:00,12
3/12/2017 23:00,7
3/13/2017 0:00,6
3/13/2017 1:00,6
3/13/2017 2:00,4
3/13/2017 3:00,7
3/13/2017 4:00,6
3/13/2017 5:00,3
3/13/2017 6:00,7
3/13/2017 7:00,9
3/13/2017 8:00,9
3/13/2017 9:00,6
3/13/2017 10:00,5
3/13/2017 11:00,3
3/13/2017 12:00,3
3/13/2017 13:00,4
3/13/2017 14:00,5
3/13/2017 15:00,6
3/13/2017 16:00,4
3/13/2017 17:00,9
3/13/2017 18:00,11
3/13/2017 19:00,19
3/13/2017 20:00,24
3/13/2017 21:00,21
3/13/2017 22:00,26
3/13/2017 23:00,41
3/14/2017 0:00,24
3/14/2017 1:00,12
3/14/2017 2:00,8
3/14/2017 3:00,6
3/14/2017 4:00,5
3/14/2017 5:00,6
3/14/2017 6:00,6
3/14/2017 7:00,9
3/14/2017 8:00,13
3/14/2017 9:00,13
3/14/2017 10:00,12
3/14/2017 11:00,10
3/14/2017 12:00,11
3/14/2017 13:00,6
3/14/2017 14:00,6
3/14/2017 15:00,10
3/14/2017 16:00,11
3/14/2017 17:00,17
3/14/2017 18:00,13
3/14/2017 19:00,18
3/14/2017 20:00,44
3/14/2017 21:00,72
3/14/2017 22:00,65
3/14/2017 23:00,57
3/15/2017 0:00,54
3/15/2017 1:00,43
3/15/2017 2:00,39
3/15/2017 3:00,51
3/15/2017 4:00,54
3/15/2017 5:00,55
3/15/2017 6:00,49
3/15/2017 7:00,58
3/15/2017 8:00,56
3/15/2017 9:00,60
3/15/2017 10:00,60
3/15/2017 11:00,67
3/15/2017 12:00,82
3/15/2017 13:00,76
3/15/2017 14:00,89
3/15/2017 15:00,70
3/15/2017 16:00,55
3/15/2017 17:00,45
3/15/2017 18:00,59
3/15/2017 19:00,76
3/15/2017 20:00,86
3/15/2017 21:00,99
3/15/2017 22:00,108
3/15/2017 23:00,111
3/16/2017 0:00,117
3/16/2017 1:00,118
3/16/2017 2:00,130
3/16/2017 3:00,140
3/16/2017 4:00,151
3/16/2017 5:00,155
3/16/2017 6:00,159
3/16/2017 7:00,140
3/16/2017 8:00,135
3/16/2017 9:00,139
3/16/2017 10:00,148
3/16/2017 11:00,155
3/16/2017 12:00,144
3/16/2017 13:00,107
3/16/2017 14:00,92
3/16/2017 15:00,87
3/16/2017 16:00,75
3/16/2017 17:00,76
3/16/2017 18:00,102
3/16/2017 19:00,111
3/16/2017 20:00,132
3/16/2017 21:00,110
3/16/2017 22:00,69
3/16/2017 23:00,60
3/17/2017 0:00,64
3/17/2017 1:00,73
3/17/2017 2:00,70
3/17/2017 3:00,79
3/17/2017 4:00,79
3/17/2017 5:00,89
3/17/2017 6:00,88
3/17/2017 7:00,92
3/17/2017 8:00,98
3/17/2017 9:00,108
3/17/2017 10:00,115
3/17/2017 11:00,121
3/17/2017 12:00,127
3/17/2017 13:00,132
3/17/2017 14:00,116
3/17/2017 15:00,130
3/17/2017 16:00,135
3/17/2017 17:00,140
3/17/2017 18:00,151
3/17/2017 19:00,154
3/17/2017 20:00,167
3/17/2017 21:00,169
3/17/2017 22:00,171
3/17/2017 23:00,166
3/18/2017 0:00,177
3/18/2017 1:00,185
3/18/2017 2:00,179
3/18/2017 3:00,169
3/18/2017 4:00,163
3/18/2017 5:00,146
3/18/2017 6:00,154
3/18/2017 7:00,159
3/18/2017 8:00,144
3/18/2017 9:00,-999
3/18/2017 10:00,126
3/18/2017 11:00,122
3/18/2017 12:00,128
3/18/2017 13:00,128
3/18/2017 14:00,117
3/18/2017 15:00,101
3/18/2017 16:00,85
3/18/2017 17:00,91
3/18/2017 18:00,110
3/18/2017 19:00,127
3/18/2017 20:00,158
3/18/2017 21:00,164
3/18/2017 22:00,153
3/18/2017 23:00,187
3/19/2017 0:00,215
3/19/2017 1:00,281
3/19/2017 2:00,256
3/19/2017 3:00,238
3/19/2017 4:00,224
3/19/2017 5:00,222
3/19/2017 6:00,214
3/19/2017 7:00,208
3/19/2017 8:00,202
3/19/2017 9:00,208
3/19/2017 10:00,220
3/19/2017 11:00,244
3/19/2017 12:00,233
3/19/2017 13:00,218
3/19/2017 14:00,186
3/19/2017 15:00,161
3/19/2017 16:00,162
3/19/2017 17:00,192
3/19/2017 18:00,224
3/19/2017 19:00,189
3/19/2017 20:00,170
3/19/2017 21:00,168
3/19/2017 22:00,174
3/19/2017 23:00,178
3/20/2017 0:00,173
3/20/2017 1:00,174
3/20/2017 2:00,172
3/20/2017 3:00,151
3/20/2017 4:00,163
3/20/2017 5:00,156
3/20/2017 6:00,153
3/20/2017 7:00,155
3/20/2017 8:00,159
3/20/2017 9:00,162
3/20/2017 10:00,172
3/20/2017 11:00,195
3/20/2017 12:00,192
3/20/2017 13:00,167
3/20/2017 14:00,142
3/20/2017 15:00,82
3/20/2017 16:00,57
3/20/2017 17:00,57
3/20/2017 18:00,62
3/20/2017 19:00,70
3/20/2017 20:00,65
3/20/2017 21:00,73
3/20/2017 22:00,70
3/20/2017 23:00,66
3/21/2017 0:00,73
3/21/2017 1:00,76
3/21/2017 2:00,77
3/21/2017 3:00,71
3/21/2017 4:00,75
3/21/2017 5:00,75
3/21/2017 6:00,69
3/21/2017 7:00,61
3/21/2017 8:00,72
3/21/2017 9:00,89
3/21/2017 10:00,78
3/21/2017 11:00,91
3/21/2017 12:00,108
3/21/2017 13:00,103
3/21/2017 14:00,94
3/21/2017 15:00,89
3/21/2017 16:00,89
3/21/2017 17:00,104
3/21/2017 18:00,117
3/21/2017 19:00,103
3/21/2017 20:00,105
3/21/2017 21:00,97
3/21/2017 22:00,94
3/21/2017 23:00,107
3/22/2017 0:00,117
3/22/2017 1:00,116
3/22/2017 2:00,127
3/22/2017 3:00,127
3/22/2017 4:00,129
3/22/2017 5:00,138
3/22/2017 6:00,135
3/22/2017 7:00,147
3/22/2017 8:00,155
3/22/2017 9:00,165
3/22/2017 10:00,174
3/22/2017 11:00,174
3/22/2017 12:00,157
3/22/2017 13:00,134
3/22/2017 14:00,120
3/22/2017 15:00,111
3/22/2017 16:00,111
3/22/2017 17:00,121
3/22/2017 18:00,129
3/22/2017 19:00,130
3/22/2017 20:00,122
3/22/2017 21:00,122
3/22/2017 22:00,133
3/22/2017 23:00,190
3/23/2017 0:00,195
3/23/2017 1:00,208
3/23/2017 2:00,147
3/23/2017 3:00,145
3/23/2017 4:00,184
3/23/2017 5:00,179
3/23/2017 6:00,131
3/23/2017 7:00,116
3/23/2017 8:00,88
3/23/2017 9:00,88
3/23/2017 10:00,103
3/23/2017 11:00,108
3/23/2017 12:00,122
3/23/2017 13:00,116
3/23/2017 14:00,98
3/23/2017 15:00,84
3/23/2017 16:00,82
3/23/2017 17:00,87
3/23/2017 18:00,112
3/23/2017 19:00,113
3/23/2017 20:00,114
3/23/2017 21:00,120
3/23/2017 22:00,113
3/23/2017 23:00,98
3/24/2017 0:00,61
3/24/2017 1:00,54
3/24/2017 2:00,66
3/24/2017 3:00,69
3/24/2017 4:00,75
3/24/2017 5:00,76
3/24/2017 6:00,75
3/24/2017 7:00,69
3/24/2017 8:00,64
3/24/2017 9:00,62
3/24/2017 10:00,60
3/24/2017 11:00,57
3/24/2017 12:00,72
3/24/2017 13:00,67
3/24/2017 14:00,64
3/24/2017 15:00,67
3/24/2017 16:00,70
3/24/2017 17:00,71
3/24/2017 18:00,68
3/24/2017 19:00,64
3/24/2017 20:00,66
3/24/2017 21:00,68
3/24/2017 22:00,63
3/24/2017 23:00,64
3/25/2017 0:00,54
3/25/2017 1:00,63
3/25/2017 2:00,61
3/25/2017 3:00,52
3/25/2017 4:00,55
3/25/2017 5:00,59
3/25/2017 6:00,50
3/25/2017 7:00,59
3/25/2017 8:00,57
3/25/2017 9:00,60
3/25/2017 10:00,42
3/25/2017 11:00,19
3/25/2017 12:00,23
3/25/2017 13:00,24
3/25/2017 14:00,21
3/25/2017 15:00,15
3/25/2017 16:00,14
3/25/2017 17:00,11
3/25/2017 18:00,7
3/25/2017 19:00,9
3/25/2017 20:00,10
3/25/2017 21:00,15
3/25/2017 22:00,11
3/25/2017 23:00,16
3/26/2017 0:00,17
3/26/2017 1:00,11
3/26/2017 2:00,14
3/26/2017 3:00,13
3/26/2017 4:00,7
3/26/2017 5:00,7
3/26/2017 6:00,6
3/26/2017 7:00,8
3/26/2017 8:00,14
3/26/2017 9:00,9
3/26/2017 10:00,12
3/26/2017 11:00,7
3/26/2017 12:00,9
3/26/2017 13:00,12
3/26/2017 14:00,15
3/26/2017 15:00,16
3/26/2017 16:00,11
3/26/2017 17:00,8
3/26/2017 18:00,10
3/26/2017 19:00,19
3/26/2017 20:00,14
3/26/2017 21:00,12
3/26/2017 22:00,16
3/26/2017 23:00,12
3/27/2017 0:00,11
3/27/2017 1:00,12
3/27/2017 2:00,15
3/27/2017 3:00,10
3/27/2017 4:00,15
3/27/2017 5:00,18
3/27/2017 6:00,15
3/27/2017 7:00,12
3/27/2017 8:00,11
3/27/2017 9:00,8
3/27/2017 10:00,10
3/27/2017 11:00,11
3/27/2017 12:00,8
3/27/2017 13:00,9
3/27/2017 14:00,7
3/27/2017 15:00,6
3/27/2017 16:00,9
3/27/2017 17:00,15
3/27/2017 18:00,20
3/27/2017 19:00,22
3/27/2017 20:00,21
3/27/2017 21:00,25
3/27/2017 22:00,24
3/27/2017 23:00,31
3/28/2017 0:00,38
3/28/2017 1:00,47
3/28/2017 2:00,59
3/28/2017 3:00,57
3/28/2017 4:00,67
3/28/2017 5:00,74
3/28/2017 6:00,83
3/28/2017 7:00,92
3/28/2017 8:00,90
3/28/2017 9:00,66
3/28/2017 10:00,56
3/28/2017 11:00,46
3/28/2017 12:00,42
3/28/2017 13:00,43
3/28/2017 14:00,43
3/28/2017 15:00,56
3/28/2017 16:00,55
3/28/2017 17:00,54
3/28/2017 18:00,56
3/28/2017 19:00,59
3/28/2017 20:00,68
3/28/2017 21:00,79
3/28/2017 22:00,86
3/28/2017 23:00,94
3/29/2017 0:00,103
3/29/2017 1:00,115
3/29/2017 2:00,122
3/29/2017 3:00,131
3/29/2017 4:00,124
3/29/2017 5:00,98
3/29/2017 6:00,111
3/29/2017 7:00,117
3/29/2017 8:00,132
3/29/2017 9:00,141
3/29/2017 10:00,137
3/29/2017 11:00,144
3/29/2017 12:00,145
3/29/2017 13:00,112
3/29/2017 14:00,109
3/29/2017 15:00,107
3/29/2017 16:00,116
3/29/2017 17:00,121
3/29/2017 18:00,102
3/29/2017 19:00,116
3/29/2017 20:00,107
3/29/2017 21:00,93
3/29/2017 22:00,91
3/29/2017 23:00,89
3/30/2017 0:00,96
3/30/2017 1:00,97
3/30/2017 2:00,110
3/30/2017 3:00,114
3/30/2017 4:00,157
3/30/2017 5:00,132
3/30/2017 6:00,132
3/30/2017 7:00,149
3/30/2017 8:00,107
3/30/2017 9:00,108
3/30/2017 10:00,76
3/30/2017 11:00,72
3/30/2017 12:00,58
3/30/2017 13:00,45
3/30/2017 14:00,51
3/30/2017 15:00,52
3/30/2017 16:00,43
3/30/2017 17:00,43
3/30/2017 18:00,44
3/30/2017 19:00,48
3/30/2017 20:00,52
3/30/2017 21:00,51
3/30/2017 22:00,63
3/30/2017 23:00,63
3/31/2017 0:00,72
3/31/2017 1:00,71
3/31/2017 2:00,76
3/31/2017 3:00,26
3/31/2017 4:00,8
3/31/2017 5:00,6
3/31/2017 6:00,6
3/31/2017 7:00,15
3/31/2017 8:00,11
3/31/2017 9:00,10
3/31/2017 10:00,7
3/31/2017 11:00,5
3/31/2017 12:00,9
3/31/2017 13:00,13
3/31/2017 14:00,9
3/31/2017 15:00,11
3/31/2017 16:00,11
3/31/2017 17:00,13
3/31/2017 18:00,9
3/31/2017 19:00,7
3/31/2017 20:00,28
3/31/2017 21:00,37
3/31/2017 22:00,43
3/31/2017 23:00,43
4/1/2017 0:00,47
4/1/2017 1:00,48
4/1/2017 2:00,33
4/1/2017 3:00,15
4/1/2017 4:00,26
4/1/2017 5:00,23
4/1/2017 6:00,18
4/1/2017 7:00,16
4/1/2017 8:00,12
4/1/2017 9:00,11
4/1/2017 10:00,6
4/1/2017 11:00,9
4/1/2017 12:00,10
4/1/2017 13:00,14
4/1/2017 14:00,19
4/1/2017 15:00,17
4/1/2017 16:00,19
4/1/2017 17:00,17
4/1/2017 18:00,19
4/1/2017 19:00,40
4/1/2017 20:00,75
4/1/2017 21:00,68
4/1/2017 22:00,65
4/1/2017 23:00,66
4/2/2017 0:00,68
4/2/2017 1:00,71
4/2/2017 2:00,75
4/2/2017 3:00,64
4/2/2017 4:00,61
4/2/2017 5:00,67
4/2/2017 6:00,70
4/2/2017 7:00,72
4/2/2017 8:00,82
4/2/2017 9:00,75
4/2/2017 10:00,60
4/2/2017 11:00,64
4/2/2017 12:00,53
4/2/2017 13:00,46
4/2/2017 14:00,49
4/2/2017 15:00,46
4/2/2017 16:00,53
4/2/2017 17:00,55
4/2/2017 18:00,52
4/2/2017 19:00,56
4/2/2017 20:00,71
4/2/2017 21:00,82
4/2/2017 22:00,90
4/2/2017 23:00,87
4/3/2017 0:00,90
4/3/2017 1:00,100
4/3/2017 2:00,119
4/3/2017 3:00,128
4/3/2017 4:00,132
4/3/2017 5:00,147
4/3/2017 6:00,181
4/3/2017 7:00,195
4/3/2017 8:00,228
4/3/2017 9:00,227
4/3/2017 10:00,230
4/3/2017 11:00,206
4/3/2017 12:00,183
4/3/2017 13:00,138
4/3/2017 14:00,123
4/3/2017 15:00,80
4/3/2017 16:00,78
4/3/2017 17:00,61
4/3/2017 18:00,70
4/3/2017 19:00,80
4/3/2017 20:00,96
4/3/2017 21:00,101
4/3/2017 22:00,89
4/3/2017 23:00,83
4/4/2017 0:00,83
4/4/2017 1:00,85
4/4/2017 2:00,89
4/4/2017 3:00,104
4/4/2017 4:00,142
4/4/2017 5:00,157
4/4/2017 6:00,171
4/4/2017 7:00,170
4/4/2017 8:00,173
4/4/2017 9:00,185
4/4/2017 10:00,189
4/4/2017 11:00,189
4/4/2017 12:00,188
4/4/2017 13:00,181
4/4/2017 14:00,179
4/4/2017 15:00,170
4/4/2017 16:00,125
4/4/2017 17:00,116
4/4/2017 18:00,57
4/4/2017 19:00,28
4/4/2017 20:00,34
4/4/2017 21:00,34
4/4/2017 22:00,37
4/4/2017 23:00,39
4/5/2017 0:00,38
4/5/2017 1:00,41
4/5/2017 2:00,45
4/5/2017 3:00,46
4/5/2017 4:00,54
4/5/2017 5:00,50
4/5/2017 6:00,56
4/5/2017 7:00,40
4/5/2017 8:00,48
4/5/2017 9:00,49
4/5/2017 10:00,41
4/5/2017 11:00,45
4/5/2017 12:00,59
4/5/2017 13:00,62
4/5/2017 14:00,64
4/5/2017 15:00,66
4/5/2017 16:00,67
4/5/2017 17:00,88
4/5/2017 18:00,90
4/5/2017 19:00,67
4/5/2017 20:00,60
4/5/2017 21:00,67
4/5/2017 22:00,78
4/5/2017 23:00,76
4/6/2017 0:00,75
4/6/2017 1:00,82
4/6/2017 2:00,86
4/6/2017 3:00,81
4/6/2017 4:00,83
4/6/2017 5:00,85
4/6/2017 6:00,84
4/6/2017 7:00,89
4/6/2017 8:00,104
4/6/2017 9:00,112
4/6/2017 10:00,120
4/6/2017 11:00,111
4/6/2017 12:00,100
4/6/2017 13:00,85
4/6/2017 14:00,-999
4/6/2017 15:00,57
4/6/2017 16:00,92
4/6/2017 17:00,94
4/6/2017 18:00,115
4/6/2017 19:00,122
4/6/2017 20:00,136
4/6/2017 21:00,156
4/6/2017 22:00,119
4/6/2017 23:00,136
4/7/2017 0:00,110
4/7/2017 1:00,69
4/7/2017 2:00,57
4/7/2017 3:00,67
4/7/2017 4:00,55
4/7/2017 5:00,48
4/7/2017 6:00,45
4/7/2017 7:00,50
4/7/2017 8:00,53
4/7/2017 9:00,59
4/7/2017 10:00,65
4/7/2017 11:00,66
4/7/2017 12:00,63
4/7/2017 13:00,73
4/7/2017 14:00,77
4/7/2017 15:00,86
4/7/2017 16:00,93
4/7/2017 17:00,88
4/7/2017 18:00,98
4/7/2017 19:00,105
4/7/2017 20:00,118
4/7/2017 21:00,118
4/7/2017 22:00,122
4/7/2017 23:00,119
4/8/2017 0:00,125
4/8/2017 1:00,134
4/8/2017 2:00,142
4/8/2017 3:00,138
4/8/2017 4:00,131
4/8/2017 5:00,127
4/8/2017 6:00,113
4/8/2017 7:00,107
4/8/2017 8:00,106
4/8/2017 9:00,65
4/8/2017 10:00,70
4/8/2017 11:00,57
4/8/2017 12:00,22
4/8/2017 13:00,21
4/8/2017 14:00,24
4/8/2017 15:00,23
4/8/2017 16:00,21
4/8/2017 17:00,23
4/8/2017 18:00,57
4/8/2017 19:00,74
4/8/2017 20:00,110
4/8/2017 21:00,101
4/8/2017 22:00,100
4/8/2017 23:00,91
4/9/2017 0:00,86
4/9/2017 1:00,87
4/9/2017 2:00,84
4/9/2017 3:00,88
4/9/2017 4:00,99
4/9/2017 5:00,100
4/9/2017 6:00,102
4/9/2017 7:00,91
4/9/2017 8:00,81
4/9/2017 9:00,62
4/9/2017 10:00,55
4/9/2017 11:00,36
4/9/2017 12:00,51
4/9/2017 13:00,56
4/9/2017 14:00,52
4/9/2017 15:00,59
4/9/2017 16:00,70
4/9/2017 17:00,63
4/9/2017 18:00,60
4/9/2017 19:00,52
4/9/2017 20:00,43
4/9/2017 21:00,44
4/9/2017 22:00,44
4/9/2017 23:00,45
4/10/2017 0:00,51
4/10/2017 1:00,50
4/10/2017 2:00,54
4/10/2017 3:00,60
4/10/2017 4:00,59
4/10/2017 5:00,58
4/10/2017 6:00,67
4/10/2017 7:00,75
4/10/2017 8:00,70
4/10/2017 9:00,78
4/10/2017 10:00,74
4/10/2017 11:00,78
4/10/2017 12:00,81
4/10/2017 13:00,68
4/10/2017 14:00,62
4/10/2017 15:00,51
4/10/2017 16:00,52
4/10/2017 17:00,52
4/10/2017 18:00,45
4/10/2017 19:00,47
4/10/2017 20:00,65
4/10/2017 21:00,76
4/10/2017 22:00,81
4/10/2017 23:00,87
4/11/2017 0:00,88
4/11/2017 1:00,85
4/11/2017 2:00,84
4/11/2017 3:00,84
4/11/2017 4:00,69
4/11/2017 5:00,43
4/11/2017 6:00,18
4/11/2017 7:00,12
4/11/2017 8:00,12
4/11/2017 9:00,29
4/11/2017 10:00,21
4/11/2017 11:00,17
4/11/2017 12:00,8
4/11/2017 13:00,9
4/11/2017 14:00,63
4/11/2017 15:00,24
4/11/2017 16:00,8
4/11/2017 17:00,11
4/11/2017 18:00,17
4/11/2017 19:00,12
4/11/2017 20:00,12
4/11/2017 21:00,28
4/11/2017 22:00,45
4/11/2017 23:00,45
4/12/2017 0:00,40
4/12/2017 1:00,37
4/12/2017 2:00,27
4/12/2017 3:00,38
4/12/2017 4:00,51
4/12/2017 5:00,49
4/12/2017 6:00,62
4/12/2017 7:00,63
4/12/2017 8:00,48
4/12/2017 9:00,48
4/12/2017 10:00,41
4/12/2017 11:00,129
4/12/2017 12:00,35
4/12/2017 13:00,23
4/12/2017 14:00,19
4/12/2017 15:00,14
4/12/2017 16:00,8
4/12/2017 17:00,8
4/12/2017 18:00,6
4/12/2017 19:00,17
4/12/2017 20:00,71
4/12/2017 21:00,58
4/12/2017 22:00,42
4/12/2017 23:00,40
4/13/2017 0:00,37
4/13/2017 1:00,37
4/13/2017 2:00,38
4/13/2017 3:00,32
4/13/2017 4:00,37
4/13/2017 5:00,38
4/13/2017 6:00,49
4/13/2017 7:00,50
4/13/2017 8:00,46
4/13/2017 9:00,46
4/13/2017 10:00,39
4/13/2017 11:00,46
4/13/2017 12:00,56
4/13/2017 13:00,55
4/13/2017 14:00,64
4/13/2017 15:00,73
4/13/2017 16:00,73
4/13/2017 17:00,100
4/13/2017 18:00,67
4/13/2017 19:00,49
4/13/2017 20:00,74
4/13/2017 21:00,70
4/13/2017 22:00,82
4/13/2017 23:00,73
4/14/2017 0:00,75
4/14/2017 1:00,86
4/14/2017 2:00,84
4/14/2017 3:00,84
4/14/2017 4:00,88
4/14/2017 5:00,101
4/14/2017 6:00,105
4/14/2017 7:00,124
4/14/2017 8:00,131
4/14/2017 9:00,102
4/14/2017 10:00,83
4/14/2017 11:00,70
4/14/2017 12:00,196
4/14/2017 13:00,99
4/14/2017 14:00,64
4/14/2017 15:00,55
4/14/2017 16:00,45
4/14/2017 17:00,33
4/14/2017 18:00,37
4/14/2017 19:00,33
4/14/2017 20:00,34
4/14/2017 21:00,31
4/14/2017 22:00,37
4/14/2017 23:00,37
4/15/2017 0:00,40
4/15/2017 1:00,54
4/15/2017 2:00,45
4/15/2017 3:00,47
4/15/2017 4:00,61
4/15/2017 5:00,55
4/15/2017 6:00,59
4/15/2017 7:00,63
4/15/2017 8:00,74
4/15/2017 9:00,59
4/15/2017 10:00,53
4/15/2017 11:00,37
4/15/2017 12:00,37
4/15/2017 13:00,56
4/15/2017 14:00,28
4/15/2017 15:00,27
4/15/2017 16:00,21
4/15/2017 17:00,15
4/15/2017 18:00,5
4/15/2017 19:00,17
4/15/2017 20:00,23
4/15/2017 21:00,41
4/15/2017 22:00,50
4/15/2017 23:00,34
4/16/2017 0:00,36
4/16/2017 1:00,41
4/16/2017 2:00,40
4/16/2017 3:00,33
4/16/2017 4:00,27
4/16/2017 5:00,25
4/16/2017 6:00,34
4/16/2017 7:00,36
4/16/2017 8:00,44
4/16/2017 9:00,87
4/16/2017 10:00,111
4/16/2017 11:00,111
4/16/2017 12:00,98
4/16/2017 13:00,112
4/16/2017 14:00,129
4/16/2017 15:00,98
4/16/2017 16:00,107
4/16/2017 17:00,111
4/16/2017 18:00,119
4/16/2017 19:00,123
4/16/2017 20:00,129
4/16/2017 21:00,130
4/16/2017 22:00,128
4/16/2017 23:00,123
4/17/2017 0:00,118
4/17/2017 1:00,122
4/17/2017 2:00,130
4/17/2017 3:00,134
4/17/2017 4:00,135
4/17/2017 5:00,140
4/17/2017 6:00,131
4/17/2017 7:00,153
4/17/2017 8:00,157
4/17/2017 9:00,163
4/17/2017 10:00,156
4/17/2017 11:00,150
4/17/2017 12:00,132
4/17/2017 13:00,138
4/17/2017 14:00,129
4/17/2017 15:00,121
4/17/2017 16:00,112
4/17/2017 17:00,99
4/17/2017 18:00,92
4/17/2017 19:00,58
4/17/2017 20:00,38
4/17/2017 21:00,17
4/17/2017 22:00,11
4/17/2017 23:00,13
4/18/2017 0:00,21
4/18/2017 1:00,30
4/18/2017 2:00,23
4/18/2017 3:00,21
4/18/2017 4:00,17
4/18/2017 5:00,13
4/18/2017 6:00,17
4/18/2017 7:00,22
4/18/2017 8:00,22
4/18/2017 9:00,29
4/18/2017 10:00,31
4/18/2017 11:00,31
4/18/2017 12:00,32
4/18/2017 13:00,27
4/18/2017 14:00,24
4/18/2017 15:00,25
4/18/2017 16:00,37
4/18/2017 17:00,34
4/18/2017 18:00,19
4/18/2017 19:00,19
4/18/2017 20:00,21
4/18/2017 21:00,33
4/18/2017 22:00,30
4/18/2017 23:00,34
4/19/2017 0:00,28
4/19/2017 1:00,32
4/19/2017 2:00,34
4/19/2017 3:00,37
4/19/2017 4:00,32
4/19/2017 5:00,30
4/19/2017 6:00,29
4/19/2017 7:00,31
4/19/2017 8:00,37
4/19/2017 9:00,58
4/19/2017 10:00,41
4/19/2017 11:00,39
4/19/2017 12:00,62
4/19/2017 13:00,44
4/19/2017 14:00,49
4/19/2017 15:00,46
4/19/2017 16:00,46
4/19/2017 17:00,51
4/19/2017 18:00,53
4/19/2017 19:00,56
4/19/2017 20:00,57
4/19/2017 21:00,60
4/19/2017 22:00,55
4/19/2017 23:00,66
4/20/2017 0:00,50
4/20/2017 1:00,67
4/20/2017 2:00,62
4/20/2017 3:00,64
4/20/2017 4:00,67
4/20/2017 5:00,59
4/20/2017 6:00,67
4/20/2017 7:00,74
4/20/2017 8:00,74
4/20/2017 9:00,65
4/20/2017 10:00,57
4/20/2017 11:00,49
4/20/2017 12:00,47
4/20/2017 13:00,34
4/20/2017 14:00,30
4/20/2017 15:00,26
4/20/2017 16:00,28
4/20/2017 17:00,22
4/20/2017 18:00,14
4/20/2017 19:00,18
4/20/2017 20:00,19
4/20/2017 21:00,16
4/20/2017 22:00,14
4/20/2017 23:00,14
4/21/2017 0:00,9
4/21/2017 1:00,10
4/21/2017 2:00,11
4/21/2017 3:00,17
4/21/2017 4:00,9
4/21/2017 5:00,8
4/21/2017 6:00,16
4/21/2017 7:00,22
4/21/2017 8:00,25
4/21/2017 9:00,25
4/21/2017 10:00,29
4/21/2017 11:00,25
4/21/2017 12:00,25
4/21/2017 13:00,26
4/21/2017 14:00,25
4/21/2017 15:00,22
4/21/2017 16:00,14
4/21/2017 17:00,11
4/21/2017 18:00,9
4/21/2017 19:00,15
4/21/2017 20:00,17
4/21/2017 21:00,25
4/21/2017 22:00,23
4/21/2017 23:00,31
4/22/2017 0:00,31
4/22/2017 1:00,37
4/22/2017 2:00,35
4/22/2017 3:00,33
4/22/2017 4:00,36
4/22/2017 5:00,33
4/22/2017 6:00,38
4/22/2017 7:00,50
4/22/2017 8:00,53
4/22/2017 9:00,50
4/22/2017 10:00,59
4/22/2017 11:00,49
4/22/2017 12:00,45
4/22/2017 13:00,41
4/22/2017 14:00,45
4/22/2017 15:00,49
4/22/2017 16:00,50
4/22/2017 17:00,39
4/22/2017 18:00,48
4/22/2017 19:00,37
4/22/2017 20:00,40
4/22/2017 21:00,43
4/22/2017 22:00,43
4/22/2017 23:00,43
4/23/2017 0:00,54
4/23/2017 1:00,26
4/23/2017 2:00,14
4/23/2017 3:00,14
4/23/2017 4:00,13
4/23/2017 5:00,11
4/23/2017 6:00,11
4/23/2017 7:00,11
4/23/2017 8:00,18
4/23/2017 9:00,12
4/23/2017 10:00,16
4/23/2017 11:00,16
4/23/2017 12:00,15
4/23/2017 13:00,23
4/23/2017 14:00,24
4/23/2017 15:00,23
4/23/2017 16:00,27
4/23/2017 17:00,20
4/23/2017 18:00,14
4/23/2017 19:00,49
4/23/2017 20:00,38
4/23/2017 21:00,39
4/23/2017 22:00,46
4/23/2017 23:00,54
4/24/2017 0:00,80
4/24/2017 1:00,84
4/24/2017 2:00,68
4/24/2017 3:00,67
4/24/2017 4:00,63
4/24/2017 5:00,69
4/24/2017 6:00,70
4/24/2017 7:00,78
4/24/2017 8:00,84
4/24/2017 9:00,29
4/24/2017 10:00,52
4/24/2017 11:00,20
4/24/2017 12:00,96
4/24/2017 13:00,47
4/24/2017 14:00,37
4/24/2017 15:00,36
4/24/2017 16:00,-999
4/24/2017 17:00,17
4/24/2017 18:00,17
4/24/2017 19:00,15
4/24/2017 20:00,17
4/24/2017 21:00,14
4/24/2017 22:00,13
4/24/2017 23:00,17
4/25/2017 0:00,14
4/25/2017 1:00,14
4/25/2017 2:00,18
4/25/2017 3:00,13
4/25/2017 4:00,10
4/25/2017 5:00,11
4/25/2017 6:00,12
4/25/2017 7:00,11
4/25/2017 8:00,14
4/25/2017 9:00,9
4/25/2017 10:00,14
4/25/2017 11:00,9
4/25/2017 12:00,6
4/25/2017 13:00,10
4/25/2017 14:00,12
4/25/2017 15:00,7
4/25/2017 16:00,9
4/25/2017 17:00,14
4/25/2017 18:00,16
4/25/2017 19:00,17
4/25/2017 20:00,21
4/25/2017 21:00,14
4/25/2017 22:00,23
4/25/2017 23:00,22
4/26/2017 0:00,32
4/26/2017 1:00,20
4/26/2017 2:00,17
4/26/2017 3:00,14
4/26/2017 4:00,10
4/26/2017 5:00,11
4/26/2017 6:00,15
4/26/2017 7:00,17
4/26/2017 8:00,13
4/26/2017 9:00,10
4/26/2017 10:00,10
4/26/2017 11:00,8
4/26/2017 12:00,8
4/26/2017 13:00,6
4/26/2017 14:00,5
4/26/2017 15:00,7
4/26/2017 16:00,9
4/26/2017 17:00,13
4/26/2017 18:00,12
4/26/2017 19:00,14
4/26/2017 20:00,11
4/26/2017 21:00,16
4/26/2017 22:00,15
4/26/2017 23:00,17
4/27/2017 0:00,23
4/27/2017 1:00,23
4/27/2017 2:00,18
4/27/2017 3:00,17
4/27/2017 4:00,16
4/27/2017 5:00,17
4/27/2017 6:00,15
4/27/2017 7:00,15
4/27/2017 8:00,9
4/27/2017 9:00,8
4/27/2017 10:00,7
4/27/2017 11:00,8
4/27/2017 12:00,7
4/27/2017 13:00,9
4/27/2017 14:00,8
4/27/2017 15:00,15
4/27/2017 16:00,15
4/27/2017 17:00,11
4/27/2017 18:00,16
4/27/2017 19:00,20
4/27/2017 20:00,31
4/27/2017 21:00,28
4/27/2017 22:00,26
4/27/2017 23:00,23
4/28/2017 0:00,17
4/28/2017 1:00,17
4/28/2017 2:00,16
4/28/2017 3:00,13
4/28/2017 4:00,19
4/28/2017 5:00,16
4/28/2017 6:00,16
4/28/2017 7:00,18
4/28/2017 8:00,23
4/28/2017 9:00,21
4/28/2017 10:00,24
4/28/2017 11:00,29
4/28/2017 12:00,28
4/28/2017 13:00,30
4/28/2017 14:00,31
4/28/2017 15:00,28
4/28/2017 16:00,35
4/28/2017 17:00,24
4/28/2017 18:00,23
4/28/2017 19:00,11
4/28/2017 20:00,18
4/28/2017 21:00,11
4/28/2017 22:00,17
4/28/2017 23:00,19
4/29/2017 0:00,28
4/29/2017 1:00,23
4/29/2017 2:00,31
4/29/2017 3:00,34
4/29/2017 4:00,41
4/29/2017 5:00,37
4/29/2017 6:00,46
4/29/2017 7:00,45
4/29/2017 8:00,43
4/29/2017 9:00,-999
4/29/2017 10:00,-999
4/29/2017 11:00,-999
4/29/2017 12:00,-999
4/29/2017 13:00,-999
4/29/2017 14:00,38
4/29/2017 15:00,52
4/29/2017 16:00,38
4/29/2017 17:00,39
4/29/2017 18:00,90
4/29/2017 19:00,37
4/29/2017 20:00,38
4/29/2017 21:00,49
4/29/2017 22:00,60
4/29/2017 23:00,61
4/30/2017 0:00,138
4/30/2017 1:00,72
4/30/2017 2:00,132
4/30/2017 3:00,100
4/30/2017 4:00,62
4/30/2017 5:00,66
4/30/2017 6:00,90
4/30/2017 7:00,198
4/30/2017 8:00,74
4/30/2017 9:00,66
4/30/2017 10:00,76
4/30/2017 11:00,58
4/30/2017 12:00,192
4/30/2017 13:00,56
4/30/2017 14:00,53
4/30/2017 15:00,54
4/30/2017 16:00,43
4/30/2017 17:00,41
4/30/2017 18:00,51
4/30/2017 19:00,30
4/30/2017 20:00,20
4/30/2017 21:00,23
4/30/2017 22:00,19
4/30/2017 23:00,17
5/1/2017 0:00,25
5/1/2017 1:00,35
5/1/2017 2:00,41
5/1/2017 3:00,32
5/1/2017 4:00,39
5/1/2017 5:00,36
5/1/2017 6:00,49
5/1/2017 7:00,54
5/1/2017 8:00,52
5/1/2017 9:00,49
5/1/2017 10:00,50
5/1/2017 11:00,48
5/1/2017 12:00,54
5/1/2017 13:00,49
5/1/2017 14:00,59
5/1/2017 15:00,31
5/1/2017 16:00,32
5/1/2017 17:00,23
5/1/2017 18:00,10
5/1/2017 19:00,17
5/1/2017 20:00,214
5/1/2017 21:00,66
5/1/2017 22:00,51
5/1/2017 23:00,31
5/2/2017 0:00,30
5/2/2017 1:00,33
5/2/2017 2:00,32
5/2/2017 3:00,41
5/2/2017 4:00,36
5/2/2017 5:00,43
5/2/2017 6:00,48
5/2/2017 7:00,47
5/2/2017 8:00,48
5/2/2017 9:00,49
5/2/2017 10:00,55
5/2/2017 11:00,69
5/2/2017 12:00,93
5/2/2017 13:00,78
5/2/2017 14:00,66
5/2/2017 15:00,69
5/2/2017 16:00,65
5/2/2017 17:00,58
5/2/2017 18:00,57
5/2/2017 19:00,59
5/2/2017 20:00,95
5/2/2017 21:00,105
5/2/2017 22:00,99
5/2/2017 23:00,86
5/3/2017 0:00,82
5/3/2017 1:00,69
5/3/2017 2:00,62
5/3/2017 3:00,64
5/3/2017 4:00,64
5/3/2017 5:00,67
5/3/2017 6:00,76
5/3/2017 7:00,79
5/3/2017 8:00,81
5/3/2017 9:00,87
5/3/2017 10:00,80
5/3/2017 11:00,64
5/3/2017 12:00,52
5/3/2017 13:00,46
5/3/2017 14:00,37
5/3/2017 15:00,36
5/3/2017 16:00,24
5/3/2017 17:00,26
5/3/2017 18:00,19
5/3/2017 19:00,26
5/3/2017 20:00,16
5/3/2017 21:00,16
5/3/2017 22:00,18
5/3/2017 23:00,23
5/4/2017 0:00,24
5/4/2017 1:00,27
5/4/2017 2:00,33
5/4/2017 3:00,64
5/4/2017 4:00,334
5/4/2017 5:00,505
5/4/2017 6:00,549
5/4/2017 7:00,593
5/4/2017 8:00,573
5/4/2017 9:00,509
5/4/2017 10:00,485
5/4/2017 11:00,684
5/4/2017 12:00,490
5/4/2017 13:00,446
5/4/2017 14:00,369
5/4/2017 15:00,343
5/4/2017 16:00,323
5/4/2017 17:00,371
5/4/2017 18:00,357
5/4/2017 19:00,441
5/4/2017 20:00,527
5/4/2017 21:00,565
5/4/2017 22:00,563
5/4/2017 23:00,551
5/5/2017 0:00,505
5/5/2017 1:00,464
5/5/2017 2:00,421
5/5/2017 3:00,378
5/5/2017 4:00,341
5/5/2017 5:00,344
5/5/2017 6:00,339
5/5/2017 7:00,477
5/5/2017 8:00,286
5/5/2017 9:00,108
5/5/2017 10:00,19
5/5/2017 11:00,12
5/5/2017 12:00,86
5/5/2017 13:00,364
5/5/2017 14:00,104
5/5/2017 15:00,48
5/5/2017 16:00,27
5/5/2017 17:00,49
5/5/2017 18:00,30
5/5/2017 19:00,21
5/5/2017 20:00,22
5/5/2017 21:00,26
5/5/2017 22:00,31
5/5/2017 23:00,34
5/6/2017 0:00,30
5/6/2017 1:00,30
5/6/2017 2:00,33
5/6/2017 3:00,31
5/6/2017 4:00,33
5/6/2017 5:00,37
5/6/2017 6:00,36
5/6/2017 7:00,44
5/6/2017 8:00,40
5/6/2017 9:00,44
5/6/2017 10:00,37
5/6/2017 11:00,34
5/6/2017 12:00,23
5/6/2017 13:00,26
5/6/2017 14:00,31
5/6/2017 15:00,36
5/6/2017 16:00,34
5/6/2017 17:00,34
5/6/2017 18:00,37
5/6/2017 19:00,34
5/6/2017 20:00,44
5/6/2017 21:00,63
5/6/2017 22:00,71
5/6/2017 23:00,142
5/7/2017 0:00,50
5/7/2017 1:00,18
5/7/2017 2:00,23
5/7/2017 3:00,36
5/7/2017 4:00,28
5/7/2017 5:00,19
5/7/2017 6:00,18
5/7/2017 7:00,26
5/7/2017 8:00,53
5/7/2017 9:00,37
5/7/2017 10:00,35
5/7/2017 11:00,47
5/7/2017 12:00,33
5/7/2017 13:00,25
5/7/2017 14:00,37
5/7/2017 15:00,44
5/7/2017 16:00,43
5/7/2017 17:00,13
5/7/2017 18:00,27
5/7/2017 19:00,19
5/7/2017 20:00,27
5/7/2017 21:00,45
5/7/2017 22:00,58
5/7/2017 23:00,58
5/8/2017 0:00,60
5/8/2017 1:00,65
5/8/2017 2:00,64
5/8/2017 3:00,47
5/8/2017 4:00,43
5/8/2017 5:00,47
5/8/2017 6:00,49
5/8/2017 7:00,47
5/8/2017 8:00,52
5/8/2017 9:00,49
5/8/2017 10:00,58
5/8/2017 11:00,69
5/8/2017 12:00,74
5/8/2017 13:00,71
5/8/2017 14:00,81
5/8/2017 15:00,71
5/8/2017 16:00,65
5/8/2017 17:00,47
5/8/2017 18:00,46
5/8/2017 19:00,56
5/8/2017 20:00,78
5/8/2017 21:00,88
5/8/2017 22:00,85
5/8/2017 23:00,65
5/9/2017 0:00,35
5/9/2017 1:00,23
5/9/2017 2:00,30
5/9/2017 3:00,31
5/9/2017 4:00,26
5/9/2017 5:00,31
5/9/2017 6:00,34
5/9/2017 7:00,43
5/9/2017 8:00,53
5/9/2017 9:00,70
5/9/2017 10:00,74
5/9/2017 11:00,53
5/9/2017 12:00,61
5/9/2017 13:00,58
5/9/2017 14:00,62
5/9/2017 15:00,35
5/9/2017 16:00,29
5/9/2017 17:00,20
5/9/2017 18:00,24
5/9/2017 19:00,28
5/9/2017 20:00,24
5/9/2017 21:00,24
5/9/2017 22:00,21
5/9/2017 23:00,28
5/10/2017 0:00,22
5/10/2017 1:00,32
5/10/2017 2:00,29
5/10/2017 3:00,33
5/10/2017 4:00,32
5/10/2017 5:00,35
5/10/2017 6:00,36
5/10/2017 7:00,43
5/10/2017 8:00,53
5/10/2017 9:00,65
5/10/2017 10:00,66
5/10/2017 11:00,66
5/10/2017 12:00,77
5/10/2017 13:00,57
5/10/2017 14:00,38
5/10/2017 15:00,39
5/10/2017 16:00,34
5/10/2017 17:00,34
5/10/2017 18:00,26
5/10/2017 19:00,28
5/10/2017 20:00,33
5/10/2017 21:00,36
5/10/2017 22:00,45
5/10/2017 23:00,46
5/11/2017 0:00,43
5/11/2017 1:00,36
5/11/2017 2:00,98
5/11/2017 3:00,75
5/11/2017 4:00,34
5/11/2017 5:00,25
5/11/2017 6:00,40
5/11/2017 7:00,40
5/11/2017 8:00,26
5/11/2017 9:00,105
5/11/2017 10:00,66
5/11/2017 11:00,-999
5/11/2017 12:00,44
5/11/2017 13:00,42
5/11/2017 14:00,35
5/11/2017 15:00,27
5/11/2017 16:00,18
5/11/2017 17:00,15
5/11/2017 18:00,9
5/11/2017 19:00,5
5/11/2017 20:00,6
5/11/2017 21:00,21
5/11/2017 22:00,22
5/11/2017 23:00,26
5/12/2017 0:00,28
5/12/2017 1:00,29
5/12/2017 2:00,32
5/12/2017 3:00,32
5/12/2017 4:00,35
5/12/2017 5:00,34
5/12/2017 6:00,33
5/12/2017 7:00,37
5/12/2017 8:00,38
5/12/2017 9:00,46
5/12/2017 10:00,43
5/12/2017 11:00,48
5/12/2017 12:00,38
5/12/2017 13:00,55
5/12/2017 14:00,42
5/12/2017 15:00,71
5/12/2017 16:00,48
5/12/2017 17:00,47
5/12/2017 18:00,37
5/12/2017 19:00,39
5/12/2017 20:00,39
5/12/2017 21:00,17
5/12/2017 22:00,24
5/12/2017 23:00,9
5/13/2017 0:00,21
5/13/2017 1:00,24
5/13/2017 2:00,34
5/13/2017 3:00,48
5/13/2017 4:00,22
5/13/2017 5:00,17
5/13/2017 6:00,26
5/13/2017 7:00,122
5/13/2017 8:00,56
5/13/2017 9:00,51
5/13/2017 10:00,61
5/13/2017 11:00,8
5/13/2017 12:00,28
5/13/2017 13:00,20
5/13/2017 14:00,18
5/13/2017 15:00,17
5/13/2017 16:00,18
5/13/2017 17:00,6
5/13/2017 18:00,4
5/13/2017 19:00,1
5/13/2017 20:00,2
5/13/2017 21:00,11
5/13/2017 22:00,11
5/13/2017 23:00,35
5/14/2017 0:00,21
5/14/2017 1:00,11
5/14/2017 2:00,8
5/14/2017 3:00,6
5/14/2017 4:00,5
5/14/2017 5:00,3
5/14/2017 6:00,4
5/14/2017 7:00,9
5/14/2017 8:00,9
5/14/2017 9:00,14
5/14/2017 10:00,15
5/14/2017 11:00,11
5/14/2017 12:00,11
5/14/2017 13:00,11
5/14/2017 14:00,15
5/14/2017 15:00,10
5/14/2017 16:00,14
5/14/2017 17:00,15
5/14/2017 18:00,11
5/14/2017 19:00,8
5/14/2017 20:00,18
5/14/2017 21:00,18
5/14/2017 22:00,17
5/14/2017 23:00,23
5/15/2017 0:00,13
5/15/2017 1:00,11
5/15/2017 2:00,10
5/15/2017 3:00,7
5/15/2017 4:00,7
5/15/2017 5:00,27
5/15/2017 6:00,38
5/15/2017 7:00,37
5/15/2017 8:00,44
5/15/2017 9:00,58
5/15/2017 10:00,39
5/15/2017 11:00,38
5/15/2017 12:00,43
5/15/2017 13:00,27
5/15/2017 14:00,27
5/15/2017 15:00,24
5/15/2017 16:00,22
5/15/2017 17:00,18
5/15/2017 18:00,9
5/15/2017 19:00,6
5/15/2017 20:00,11
5/15/2017 21:00,17
5/15/2017 22:00,17
5/15/2017 23:00,14
5/16/2017 0:00,23
5/16/2017 1:00,25
5/16/2017 2:00,27
5/16/2017 3:00,29
5/16/2017 4:00,33
5/16/2017 5:00,38
5/16/2017 6:00,37
5/16/2017 7:00,40
5/16/2017 8:00,41
5/16/2017 9:00,51
5/16/2017 10:00,56
5/16/2017 11:00,60
5/16/2017 12:00,55
5/16/2017 13:00,52
5/16/2017 14:00,46
5/16/2017 15:00,36
5/16/2017 16:00,41
5/16/2017 17:00,39
5/16/2017 18:00,22
5/16/2017 19:00,24
5/16/2017 20:00,31
5/16/2017 21:00,33
5/16/2017 22:00,34
5/16/2017 23:00,33
5/17/2017 0:00,35
5/17/2017 1:00,39
5/17/2017 2:00,42
5/17/2017 3:00,45
5/17/2017 4:00,48
5/17/2017 5:00,42
5/17/2017 6:00,53
5/17/2017 7:00,57
5/17/2017 8:00,69
5/17/2017 9:00,66
5/17/2017 10:00,71
5/17/2017 11:00,76
5/17/2017 12:00,75
5/17/2017 13:00,67
5/17/2017 14:00,50
5/17/2017 15:00,54
5/17/2017 16:00,47
5/17/2017 17:00,36
5/17/2017 18:00,29
5/17/2017 19:00,25
5/17/2017 20:00,38
5/17/2017 21:00,55
5/17/2017 22:00,67
5/17/2017 23:00,73
5/18/2017 0:00,63
5/18/2017 1:00,58
5/18/2017 2:00,70
5/18/2017 3:00,77
5/18/2017 4:00,77
5/18/2017 5:00,77
5/18/2017 6:00,79
5/18/2017 7:00,75
5/18/2017 8:00,78
5/18/2017 9:00,93
5/18/2017 10:00,99
5/18/2017 11:00,104
5/18/2017 12:00,93
5/18/2017 13:00,96
5/18/2017 14:00,79
5/18/2017 15:00,76
5/18/2017 16:00,67
5/18/2017 17:00,58
5/18/2017 18:00,54
5/18/2017 19:00,59
5/18/2017 20:00,57
5/18/2017 21:00,54
5/18/2017 22:00,55
5/18/2017 23:00,50
5/19/2017 0:00,55
5/19/2017 1:00,45
5/19/2017 2:00,64
5/19/2017 3:00,73
5/19/2017 4:00,77
5/19/2017 5:00,74
5/19/2017 6:00,81
5/19/2017 7:00,96
5/19/2017 8:00,95
5/19/2017 9:00,40
5/19/2017 10:00,95
5/19/2017 11:00,127
5/19/2017 12:00,106
5/19/2017 13:00,93
5/19/2017 14:00,88
5/19/2017 15:00,69
5/19/2017 16:00,69
5/19/2017 17:00,46
5/19/2017 18:00,40
5/19/2017 19:00,29
5/19/2017 20:00,28
5/19/2017 21:00,35
5/19/2017 22:00,28
5/19/2017 23:00,26
5/20/2017 0:00,27
5/20/2017 1:00,34
5/20/2017 2:00,46
5/20/2017 3:00,43
5/20/2017 4:00,54
5/20/2017 5:00,53
5/20/2017 6:00,62
5/20/2017 7:00,67
5/20/2017 8:00,62
5/20/2017 9:00,80
5/20/2017 10:00,69
5/20/2017 11:00,75
5/20/2017 12:00,59
5/20/2017 13:00,56
5/20/2017 14:00,46
5/20/2017 15:00,46
5/20/2017 16:00,48
5/20/2017 17:00,50
5/20/2017 18:00,58
5/20/2017 19:00,36
5/20/2017 20:00,54
5/20/2017 21:00,51
5/20/2017 22:00,68
5/20/2017 23:00,78
5/21/2017 0:00,74
5/21/2017 1:00,52
5/21/2017 2:00,69
5/21/2017 3:00,83
5/21/2017 4:00,70
5/21/2017 5:00,63
5/21/2017 6:00,66
5/21/2017 7:00,54
5/21/2017 8:00,53
5/21/2017 9:00,55
5/21/2017 10:00,52
5/21/2017 11:00,52
5/21/2017 12:00,52
5/21/2017 13:00,52
5/21/2017 14:00,43
5/21/2017 15:00,36
5/21/2017 16:00,35
5/21/2017 17:00,27
5/21/2017 18:00,46
5/21/2017 19:00,52
5/21/2017 20:00,53
5/21/2017 21:00,57
5/21/2017 22:00,60
5/21/2017 23:00,58
5/22/2017 0:00,38
5/22/2017 1:00,41
5/22/2017 2:00,38
5/22/2017 3:00,46
5/22/2017 4:00,64
5/22/2017 5:00,73
5/22/2017 6:00,87
5/22/2017 7:00,83
5/22/2017 8:00,82
5/22/2017 9:00,56
5/22/2017 10:00,52
5/22/2017 11:00,28
5/22/2017 12:00,20
5/22/2017 13:00,28
5/22/2017 14:00,20
5/22/2017 15:00,12
5/22/2017 16:00,13
5/22/2017 17:00,17
5/22/2017 18:00,21
5/22/2017 19:00,19
5/22/2017 20:00,26
5/22/2017 21:00,22
5/22/2017 22:00,31
5/22/2017 23:00,24
5/23/2017 0:00,23
5/23/2017 1:00,24
5/23/2017 2:00,15
5/23/2017 3:00,11
5/23/2017 4:00,14
5/23/2017 5:00,15
5/23/2017 6:00,21
5/23/2017 7:00,10
5/23/2017 8:00,7
5/23/2017 9:00,11
5/23/2017 10:00,12
5/23/2017 11:00,7
5/23/2017 12:00,7
5/23/2017 13:00,6
5/23/2017 14:00,4
5/23/2017 15:00,5
5/23/2017 16:00,6
5/23/2017 17:00,11
5/23/2017 18:00,30
5/23/2017 19:00,23
5/23/2017 20:00,23
5/23/2017 21:00,16
5/23/2017 22:00,14
5/23/2017 23:00,14
5/24/2017 0:00,25
5/24/2017 1:00,18
5/24/2017 2:00,27
5/24/2017 3:00,28
5/24/2017 4:00,37
5/24/2017 5:00,30
5/24/2017 6:00,25
5/24/2017 7:00,10
5/24/2017 8:00,15
5/24/2017 9:00,3
5/24/2017 10:00,2
5/24/2017 11:00,8
5/24/2017 12:00,10
5/24/2017 13:00,10
5/24/2017 14:00,13
5/24/2017 15:00,12
5/24/2017 16:00,17
5/24/2017 17:00,17
5/24/2017 18:00,19
5/24/2017 19:00,13
5/24/2017 20:00,18
5/24/2017 21:00,16
5/24/2017 22:00,25
5/24/2017 23:00,23
5/25/2017 0:00,27
5/25/2017 1:00,32
5/25/2017 2:00,24
5/25/2017 3:00,20
5/25/2017 4:00,23
5/25/2017 5:00,13
5/25/2017 6:00,14
5/25/2017 7:00,19
5/25/2017 8:00,18
5/25/2017 9:00,12
5/25/2017 10:00,27
5/25/2017 11:00,38
5/25/2017 12:00,37
5/25/2017 13:00,22
5/25/2017 14:00,36
5/25/2017 15:00,30
5/25/2017 16:00,20
5/25/2017 17:00,23
5/25/2017 18:00,13
5/25/2017 19:00,17
5/25/2017 20:00,22
5/25/2017 21:00,17
5/25/2017 22:00,12
5/25/2017 23:00,17
5/26/2017 0:00,24
5/26/2017 1:00,22
5/26/2017 2:00,21
5/26/2017 3:00,24
5/26/2017 4:00,26
5/26/2017 5:00,25
5/26/2017 6:00,28
5/26/2017 7:00,40
5/26/2017 8:00,37
5/26/2017 9:00,44
5/26/2017 10:00,51
5/26/2017 11:00,48
5/26/2017 12:00,56
5/26/2017 13:00,56
5/26/2017 14:00,58
5/26/2017 15:00,52
5/26/2017 16:00,54
5/26/2017 17:00,49
5/26/2017 18:00,47
5/26/2017 19:00,48
5/26/2017 20:00,57
5/26/2017 21:00,63
5/26/2017 22:00,49
5/26/2017 23:00,51
5/27/2017 0:00,46
5/27/2017 1:00,57
5/27/2017 2:00,47
5/27/2017 3:00,32
5/27/2017 4:00,38
5/27/2017 5:00,38
5/27/2017 6:00,49
5/27/2017 7:00,50
5/27/2017 8:00,56
5/27/2017 9:00,47
5/27/2017 10:00,47
5/27/2017 11:00,51
5/27/2017 12:00,62
5/27/2017 13:00,63
5/27/2017 14:00,69
5/27/2017 15:00,59
5/27/2017 16:00,72
5/27/2017 17:00,80
5/27/2017 18:00,77
5/27/2017 19:00,79
5/27/2017 20:00,112
5/27/2017 21:00,122
5/27/2017 22:00,126
5/27/2017 23:00,133
5/28/2017 0:00,139
5/28/2017 1:00,137
5/28/2017 2:00,163
5/28/2017 3:00,137
5/28/2017 4:00,134
5/28/2017 5:00,144
5/28/2017 6:00,141
5/28/2017 7:00,123
5/28/2017 8:00,116
5/28/2017 9:00,88
5/28/2017 10:00,62
5/28/2017 11:00,32
5/28/2017 12:00,25
5/28/2017 13:00,175
5/28/2017 14:00,-999
5/28/2017 15:00,80
5/28/2017 16:00,100
5/28/2017 17:00,106
5/28/2017 18:00,94
5/28/2017 19:00,75
5/28/2017 20:00,70
5/28/2017 21:00,58
5/28/2017 22:00,59
5/28/2017 23:00,50
5/29/2017 0:00,36
5/29/2017 1:00,42
5/29/2017 2:00,48
5/29/2017 3:00,47
5/29/2017 4:00,39
5/29/2017 5:00,23
5/29/2017 6:00,27
5/29/2017 7:00,27
5/29/2017 8:00,20
5/29/2017 9:00,25
5/29/2017 10:00,27
5/29/2017 11:00,23
5/29/2017 12:00,15
5/29/2017 13:00,25
5/29/2017 14:00,23
5/29/2017 15:00,23
5/29/2017 16:00,21
5/29/2017 17:00,17
5/29/2017 18:00,21
5/29/2017 19:00,23
5/29/2017 20:00,25
5/29/2017 21:00,31
5/29/2017 22:00,33
5/29/2017 23:00,33
5/30/2017 0:00,37
5/30/2017 1:00,29
5/30/2017 2:00,34
5/30/2017 3:00,37
5/30/2017 4:00,32
5/30/2017 5:00,28
5/30/2017 6:00,30
5/30/2017 7:00,31
5/30/2017 8:00,35
5/30/2017 9:00,37
5/30/2017 10:00,42
5/30/2017 11:00,40
5/30/2017 12:00,43
5/30/2017 13:00,55
5/30/2017 14:00,55
5/30/2017 15:00,41
5/30/2017 16:00,50
5/30/2017 17:00,50
5/30/2017 18:00,16
5/30/2017 19:00,35
5/30/2017 20:00,38
5/30/2017 21:00,45
5/30/2017 22:00,48
5/30/2017 23:00,46
5/31/2017 0:00,48
5/31/2017 1:00,50
5/31/2017 2:00,61
5/31/2017 3:00,69
5/31/2017 4:00,60
5/31/2017 5:00,67
5/31/2017 6:00,79
5/31/2017 7:00,85
5/31/2017 8:00,85
5/31/2017 9:00,88
5/31/2017 10:00,90
5/31/2017 11:00,81
5/31/2017 12:00,64
5/31/2017 13:00,47
5/31/2017 14:00,37
5/31/2017 15:00,40
5/31/2017 16:00,41
5/31/2017 17:00,49
5/31/2017 18:00,48
5/31/2017 19:00,49
5/31/2017 20:00,49
5/31/2017 21:00,41
5/31/2017 22:00,34
5/31/2017 23:00,19
6/1/2017 0:00,24
6/1/2017 1:00,19
6/1/2017 2:00,6
6/1/2017 3:00,17
6/1/2017 4:00,23
6/1/2017 5:00,20
6/1/2017 6:00,28
6/1/2017 7:00,20
6/1/2017 8:00,21
6/1/2017 9:00,20
6/1/2017 10:00,8
6/1/2017 11:00,29
6/1/2017 12:00,28
6/1/2017 13:00,33
6/1/2017 14:00,31
6/1/2017 15:00,35
6/1/2017 16:00,26
6/1/2017 17:00,32
6/1/2017 18:00,40
6/1/2017 19:00,35
6/1/2017 20:00,21
6/1/2017 21:00,25
6/1/2017 22:00,25
6/1/2017 23:00,18
6/2/2017 0:00,25
6/2/2017 1:00,23
6/2/2017 2:00,17
6/2/2017 3:00,17
6/2/2017 4:00,21
6/2/2017 5:00,20
6/2/2017 6:00,30
6/2/2017 7:00,34
6/2/2017 8:00,34
6/2/2017 9:00,34
6/2/2017 10:00,23
6/2/2017 11:00,25
6/2/2017 12:00,22
6/2/2017 13:00,23
6/2/2017 14:00,27
6/2/2017 15:00,23
6/2/2017 16:00,17
6/2/2017 17:00,18
6/2/2017 18:00,19
6/2/2017 19:00,23
6/2/2017 20:00,25
6/2/2017 21:00,26
6/2/2017 22:00,18
6/2/2017 23:00,20
6/3/2017 0:00,23
6/3/2017 1:00,25
6/3/2017 2:00,20
6/3/2017 3:00,30
6/3/2017 4:00,26
6/3/2017 5:00,28
6/3/2017 6:00,28
6/3/2017 7:00,41
6/3/2017 8:00,48
6/3/2017 9:00,46
6/3/2017 10:00,47
6/3/2017 11:00,46
6/3/2017 12:00,38
6/3/2017 13:00,44
6/3/2017 14:00,38
6/3/2017 15:00,31
6/3/2017 16:00,19
6/3/2017 17:00,22
6/3/2017 18:00,13
6/3/2017 19:00,18
6/3/2017 20:00,18
6/3/2017 21:00,26
6/3/2017 22:00,25
6/3/2017 23:00,25
6/4/2017 0:00,23
6/4/2017 1:00,29
6/4/2017 2:00,41
6/4/2017 3:00,51
6/4/2017 4:00,51
6/4/2017 5:00,48
6/4/2017 6:00,59
6/4/2017 7:00,65
6/4/2017 8:00,76
6/4/2017 9:00,72
6/4/2017 10:00,76
6/4/2017 11:00,70
6/4/2017 12:00,72
6/4/2017 13:00,64
6/4/2017 14:00,51
6/4/2017 15:00,49
6/4/2017 16:00,29
6/4/2017 17:00,41
6/4/2017 18:00,26
6/4/2017 19:00,28
6/4/2017 20:00,32
6/4/2017 21:00,35
6/4/2017 22:00,37
6/4/2017 23:00,37
6/5/2017 0:00,44
6/5/2017 1:00,46
6/5/2017 2:00,56
6/5/2017 3:00,59
6/5/2017 4:00,58
6/5/2017 5:00,67
6/5/2017 6:00,75
6/5/2017 7:00,87
6/5/2017 8:00,84
6/5/2017 9:00,91
6/5/2017 10:00,80
6/5/2017 11:00,81
6/5/2017 12:00,69
6/5/2017 13:00,75
6/5/2017 14:00,52
6/5/2017 15:00,67
6/5/2017 16:00,87
6/5/2017 17:00,81
6/5/2017 18:00,67
6/5/2017 19:00,63
6/5/2017 20:00,29
6/5/2017 21:00,42
6/5/2017 22:00,36
6/5/2017 23:00,52
6/6/2017 0:00,46
6/6/2017 1:00,45
6/6/2017 2:00,45
6/6/2017 3:00,46
6/6/2017 4:00,61
6/6/2017 5:00,57
6/6/2017 6:00,51
6/6/2017 7:00,45
6/6/2017 8:00,32
6/6/2017 9:00,33
6/6/2017 10:00,27
6/6/2017 11:00,33
6/6/2017 12:00,32
6/6/2017 13:00,48
6/6/2017 14:00,46
6/6/2017 15:00,48
6/6/2017 16:00,19
6/6/2017 17:00,40
6/6/2017 18:00,46
6/6/2017 19:00,47
6/6/2017 20:00,52
6/6/2017 21:00,49
6/6/2017 22:00,28
6/6/2017 23:00,37
6/7/2017 0:00,36
6/7/2017 1:00,42
6/7/2017 2:00,54
6/7/2017 3:00,66
6/7/2017 4:00,66
6/7/2017 5:00,69
6/7/2017 6:00,79
6/7/2017 7:00,81
6/7/2017 8:00,81
6/7/2017 9:00,56
6/7/2017 10:00,69
6/7/2017 11:00,23
6/7/2017 12:00,14
6/7/2017 13:00,17
6/7/2017 14:00,15
6/7/2017 15:00,17
6/7/2017 16:00,20
6/7/2017 17:00,21
6/7/2017 18:00,29
6/7/2017 19:00,34
6/7/2017 20:00,40
6/7/2017 21:00,33
6/7/2017 22:00,42
6/7/2017 23:00,44
6/8/2017 0:00,44
6/8/2017 1:00,37
6/8/2017 2:00,31
6/8/2017 3:00,34
6/8/2017 4:00,25
6/8/2017 5:00,19
6/8/2017 6:00,25
6/8/2017 7:00,25
6/8/2017 8:00,13
6/8/2017 9:00,16
6/8/2017 10:00,21
6/8/2017 11:00,21
6/8/2017 12:00,25
6/8/2017 13:00,24
6/8/2017 14:00,10
6/8/2017 15:00,11
6/8/2017 16:00,15
6/8/2017 17:00,19
6/8/2017 18:00,9
6/8/2017 19:00,16
6/8/2017 20:00,25
6/8/2017 21:00,35
6/8/2017 22:00,38
6/8/2017 23:00,20
6/9/2017 0:00,24
6/9/2017 1:00,26
6/9/2017 2:00,25
6/9/2017 3:00,43
6/9/2017 4:00,37
6/9/2017 5:00,20
6/9/2017 6:00,29
6/9/2017 7:00,21
6/9/2017 8:00,32
6/9/2017 9:00,31
6/9/2017 10:00,24
6/9/2017 11:00,24
6/9/2017 12:00,39
6/9/2017 13:00,34
6/9/2017 14:00,26
6/9/2017 15:00,34
6/9/2017 16:00,32
6/9/2017 17:00,40
6/9/2017 18:00,47
6/9/2017 19:00,46
6/9/2017 20:00,58
6/9/2017 21:00,41
6/9/2017 22:00,10
6/9/2017 23:00,14
6/10/2017 0:00,16
6/10/2017 1:00,21
6/10/2017 2:00,22
6/10/2017 3:00,25
6/10/2017 4:00,27
6/10/2017 5:00,22
6/10/2017 6:00,28
6/10/2017 7:00,28
6/10/2017 8:00,26
6/10/2017 9:00,19
6/10/2017 10:00,20
6/10/2017 11:00,25
6/10/2017 12:00,25
6/10/2017 13:00,28
6/10/2017 14:00,32
6/10/2017 15:00,23
6/10/2017 16:00,14
6/10/2017 17:00,10
6/10/2017 18:00,10
6/10/2017 19:00,6
6/10/2017 20:00,4
6/10/2017 21:00,2
6/10/2017 22:00,15
6/10/2017 23:00,51
6/11/2017 0:00,13
6/11/2017 1:00,20
6/11/2017 2:00,23
6/11/2017 3:00,39
6/11/2017 4:00,27
6/11/2017 5:00,30
6/11/2017 6:00,34
6/11/2017 7:00,38
6/11/2017 8:00,38
6/11/2017 9:00,27
6/11/2017 10:00,39
6/11/2017 11:00,26
6/11/2017 12:00,34
6/11/2017 13:00,32
6/11/2017 14:00,31
6/11/2017 15:00,35
6/11/2017 16:00,34
6/11/2017 17:00,15
6/11/2017 18:00,28
6/11/2017 19:00,28
6/11/2017 20:00,20
6/11/2017 21:00,24
6/11/2017 22:00,20
6/11/2017 23:00,23
6/12/2017 0:00,17
6/12/2017 1:00,21
6/12/2017 2:00,22
6/12/2017 3:00,24
6/12/2017 4:00,29
6/12/2017 5:00,38
6/12/2017 6:00,39
6/12/2017 7:00,38
6/12/2017 8:00,31
6/12/2017 9:00,28
6/12/2017 10:00,59
6/12/2017 11:00,35
6/12/2017 12:00,35
6/12/2017 13:00,32
6/12/2017 14:00,40
6/12/2017 15:00,37
6/12/2017 16:00,58
6/12/2017 17:00,43
6/12/2017 18:00,31
6/12/2017 19:00,27
6/12/2017 20:00,27
6/12/2017 21:00,33
6/12/2017 22:00,25
6/12/2017 23:00,31
6/13/2017 0:00,30
6/13/2017 1:00,37
6/13/2017 2:00,38
6/13/2017 3:00,36
6/13/2017 4:00,37
6/13/2017 5:00,37
6/13/2017 6:00,46
6/13/2017 7:00,39
6/13/2017 8:00,29
6/13/2017 9:00,40
6/13/2017 10:00,43
6/13/2017 11:00,49
6/13/2017 12:00,49
6/13/2017 13:00,50
6/13/2017 14:00,43
6/13/2017 15:00,45
6/13/2017 16:00,38
6/13/2017 17:00,33
6/13/2017 18:00,27
6/13/2017 19:00,32
6/13/2017 20:00,29
6/13/2017 21:00,33
6/13/2017 22:00,42
6/13/2017 23:00,54
6/14/2017 0:00,59
6/14/2017 1:00,62
6/14/2017 2:00,57
6/14/2017 3:00,55
6/14/2017 4:00,49
6/14/2017 5:00,49
6/14/2017 6:00,59
6/14/2017 7:00,47
6/14/2017 8:00,48
6/14/2017 9:00,57
6/14/2017 10:00,53
6/14/2017 11:00,53
6/14/2017 12:00,49
6/14/2017 13:00,35
6/14/2017 14:00,37
6/14/2017 15:00,35
6/14/2017 16:00,28
6/14/2017 17:00,13
6/14/2017 18:00,4
6/14/2017 19:00,-2
6/14/2017 20:00,2
6/14/2017 21:00,13
6/14/2017 22:00,14
6/14/2017 23:00,22
6/15/2017 0:00,31
6/15/2017 1:00,19
6/15/2017 2:00,25
6/15/2017 3:00,30
6/15/2017 4:00,38
6/15/2017 5:00,34
6/15/2017 6:00,33
6/15/2017 7:00,32
6/15/2017 8:00,44
6/15/2017 9:00,52
6/15/2017 10:00,42
6/15/2017 11:00,58
6/15/2017 12:00,46
6/15/2017 13:00,45
6/15/2017 14:00,45
6/15/2017 15:00,39
6/15/2017 16:00,30
6/15/2017 17:00,20
6/15/2017 18:00,11
6/15/2017 19:00,17
6/15/2017 20:00,30
6/15/2017 21:00,38
6/15/2017 22:00,42
6/15/2017 23:00,52
6/16/2017 0:00,59
6/16/2017 1:00,58
6/16/2017 2:00,58
6/16/2017 3:00,55
6/16/2017 4:00,70
6/16/2017 5:00,64
6/16/2017 6:00,69
6/16/2017 7:00,71
6/16/2017 8:00,71
6/16/2017 9:00,78
6/16/2017 10:00,82
6/16/2017 11:00,66
6/16/2017 12:00,54
6/16/2017 13:00,57
6/16/2017 14:00,56
6/16/2017 15:00,57
6/16/2017 16:00,48
6/16/2017 17:00,49
6/16/2017 18:00,38
6/16/2017 19:00,24
6/16/2017 20:00,27
6/16/2017 21:00,38
6/16/2017 22:00,39
6/16/2017 23:00,45
6/17/2017 0:00,63
6/17/2017 1:00,57
6/17/2017 2:00,50
6/17/2017 3:00,48
6/17/2017 4:00,61
6/17/2017 5:00,60
6/17/2017 6:00,69
6/17/2017 7:00,69
6/17/2017 8:00,78
6/17/2017 9:00,73
6/17/2017 10:00,76
6/17/2017 11:00,74
6/17/2017 12:00,74
6/17/2017 13:00,78
6/17/2017 14:00,92
6/17/2017 15:00,95
6/17/2017 16:00,80
6/17/2017 17:00,61
6/17/2017 18:00,52
6/17/2017 19:00,75
6/17/2017 20:00,113
6/17/2017 21:00,130
6/17/2017 22:00,108
6/17/2017 23:00,92
6/18/2017 0:00,86
6/18/2017 1:00,83
6/18/2017 2:00,60
6/18/2017 3:00,45
6/18/2017 4:00,55
6/18/2017 5:00,57
6/18/2017 6:00,58
6/18/2017 7:00,48
6/18/2017 8:00,61
6/18/2017 9:00,75
6/18/2017 10:00,80
6/18/2017 11:00,86
6/18/2017 12:00,85
6/18/2017 13:00,82
6/18/2017 14:00,68
6/18/2017 15:00,42
6/18/2017 16:00,51
6/18/2017 17:00,52
6/18/2017 18:00,62
6/18/2017 19:00,68
6/18/2017 20:00,65
6/18/2017 21:00,43
6/18/2017 22:00,37
6/18/2017 23:00,39
6/19/2017 0:00,32
6/19/2017 1:00,33
6/19/2017 2:00,29
6/19/2017 3:00,31
6/19/2017 4:00,33
6/19/2017 5:00,27
6/19/2017 6:00,23
6/19/2017 7:00,31
6/19/2017 8:00,38
6/19/2017 9:00,44
6/19/2017 10:00,41
6/19/2017 11:00,44
6/19/2017 12:00,41
6/19/2017 13:00,39
6/19/2017 14:00,40
6/19/2017 15:00,47
6/19/2017 16:00,33
6/19/2017 17:00,25
6/19/2017 18:00,17
6/19/2017 19:00,9
6/19/2017 20:00,26
6/19/2017 21:00,38
6/19/2017 22:00,51
6/19/2017 23:00,-999
6/20/2017 0:00,-999
6/20/2017 1:00,-999
6/20/2017 2:00,9
6/20/2017 3:00,21
6/20/2017 4:00,21
6/20/2017 5:00,18
6/20/2017 6:00,20
6/20/2017 7:00,21
6/20/2017 8:00,30
6/20/2017 9:00,33
6/20/2017 10:00,38
6/20/2017 11:00,48
6/20/2017 12:00,44
6/20/2017 13:00,46
6/20/2017 14:00,42
6/20/2017 15:00,40
6/20/2017 16:00,39
6/20/2017 17:00,23
6/20/2017 18:00,21
6/20/2017 19:00,21
6/20/2017 20:00,27
6/20/2017 21:00,31
6/20/2017 22:00,45
6/20/2017 23:00,29
6/21/2017 0:00,27
6/21/2017 1:00,25
6/21/2017 2:00,46
6/21/2017 3:00,31
6/21/2017 4:00,29
6/21/2017 5:00,32
6/21/2017 6:00,35
6/21/2017 7:00,43
6/21/2017 8:00,43
6/21/2017 9:00,41
6/21/2017 10:00,50
6/21/2017 11:00,53
6/21/2017 12:00,54
6/21/2017 13:00,57
6/21/2017 14:00,52
6/21/2017 15:00,50
6/21/2017 16:00,54
6/21/2017 17:00,54
6/21/2017 18:00,58
6/21/2017 19:00,39
6/21/2017 20:00,38
6/21/2017 21:00,4
6/21/2017 22:00,10
6/21/2017 23:00,8
6/22/2017 0:00,9
6/22/2017 1:00,8
6/22/2017 2:00,9
6/22/2017 3:00,14
6/22/2017 4:00,21
6/22/2017 5:00,26
6/22/2017 6:00,25
6/22/2017 7:00,23
6/22/2017 8:00,25
6/22/2017 9:00,22
6/22/2017 10:00,24
6/22/2017 11:00,28
6/22/2017 12:00,24
6/22/2017 13:00,36
6/22/2017 14:00,38
6/22/2017 15:00,40
6/22/2017 16:00,45
6/22/2017 17:00,54
6/22/2017 18:00,43
6/22/2017 19:00,48
6/22/2017 20:00,55
6/22/2017 21:00,55
6/22/2017 22:00,40
6/22/2017 23:00,38
6/23/2017 0:00,37
6/23/2017 1:00,35
6/23/2017 2:00,30
6/23/2017 3:00,25
6/23/2017 4:00,16
6/23/2017 5:00,17
6/23/2017 6:00,20
6/23/2017 7:00,8
6/23/2017 8:00,15
6/23/2017 9:00,16
6/23/2017 10:00,21
6/23/2017 11:00,29
6/23/2017 12:00,27
6/23/2017 13:00,30
6/23/2017 14:00,28
6/23/2017 15:00,23
6/23/2017 16:00,16
6/23/2017 17:00,16
6/23/2017 18:00,14
6/23/2017 19:00,8
6/23/2017 20:00,20
6/23/2017 21:00,22
6/23/2017 22:00,20
6/23/2017 23:00,17
6/24/2017 0:00,14
6/24/2017 1:00,12
6/24/2017 2:00,17
6/24/2017 3:00,22
6/24/2017 4:00,24
6/24/2017 5:00,24
6/24/2017 6:00,22
6/24/2017 7:00,25
6/24/2017 8:00,-999
6/24/2017 9:00,27
6/24/2017 10:00,21
6/24/2017 11:00,26
6/24/2017 12:00,22
6/24/2017 13:00,24
6/24/2017 14:00,23
6/24/2017 15:00,26
6/24/2017 16:00,27
6/24/2017 17:00,26
6/24/2017 18:00,33
6/24/2017 19:00,30
6/24/2017 20:00,27
6/24/2017 21:00,23
6/24/2017 22:00,22
6/24/2017 23:00,28
6/25/2017 0:00,30
6/25/2017 1:00,34
6/25/2017 2:00,32
6/25/2017 3:00,45
6/25/2017 4:00,39
6/25/2017 5:00,49
6/25/2017 6:00,37
6/25/2017 7:00,38
6/25/2017 8:00,43
6/25/2017 9:00,39
6/25/2017 10:00,40
6/25/2017 11:00,46
6/25/2017 12:00,40
6/25/2017 13:00,30
6/25/2017 14:00,36
6/25/2017 15:00,36
6/25/2017 16:00,25
6/25/2017 17:00,-2
6/25/2017 18:00,-999
6/25/2017 19:00,-4
6/25/2017 20:00,8
6/25/2017 21:00,27
6/25/2017 22:00,11
6/25/2017 23:00,20
6/26/2017 0:00,23
6/26/2017 1:00,16
6/26/2017 2:00,17
6/26/2017 3:00,21
6/26/2017 4:00,20
6/26/2017 5:00,19
6/26/2017 6:00,18
6/26/2017 7:00,21
6/26/2017 8:00,28
6/26/2017 9:00,26
6/26/2017 10:00,32
6/26/2017 11:00,39
6/26/2017 12:00,42
6/26/2017 13:00,39
6/26/2017 14:00,43
6/26/2017 15:00,41
6/26/2017 16:00,30
6/26/2017 17:00,16
6/26/2017 18:00,6
6/26/2017 19:00,3
6/26/2017 20:00,5
6/26/2017 21:00,17
6/26/2017 22:00,25
6/26/2017 23:00,24
6/27/2017 0:00,36
6/27/2017 1:00,39
6/27/2017 2:00,42
6/27/2017 3:00,60
6/27/2017 4:00,56
6/27/2017 5:00,71
6/27/2017 6:00,84
6/27/2017 7:00,84
6/27/2017 8:00,84
6/27/2017 9:00,89
6/27/2017 10:00,94
6/27/2017 11:00,101
6/27/2017 12:00,86
6/27/2017 13:00,71
6/27/2017 14:00,63
6/27/2017 15:00,78
6/27/2017 16:00,56
6/27/2017 17:00,40
6/27/2017 18:00,27
6/27/2017 19:00,34
6/27/2017 20:00,47
6/27/2017 21:00,3
6/27/2017 22:00,10
6/27/2017 23:00,10
6/28/2017 0:00,26
6/28/2017 1:00,24
6/28/2017 2:00,57
6/28/2017 3:00,61
6/28/2017 4:00,74
6/28/2017 5:00,85
6/28/2017 6:00,89
6/28/2017 7:00,88
6/28/2017 8:00,82
6/28/2017 9:00,84
6/28/2017 10:00,94
6/28/2017 11:00,91
6/28/2017 12:00,104
6/28/2017 13:00,90
6/28/2017 14:00,81
6/28/2017 15:00,87
6/28/2017 16:00,89
6/28/2017 17:00,88
6/28/2017 18:00,92
6/28/2017 19:00,71
6/28/2017 20:00,76
6/28/2017 21:00,88
6/28/2017 22:00,88
6/28/2017 23:00,96
6/29/2017 0:00,105
6/29/2017 1:00,110
6/29/2017 2:00,40
6/29/2017 3:00,6
6/29/2017 4:00,14
6/29/2017 5:00,24
6/29/2017 6:00,35
6/29/2017 7:00,43
6/29/2017 8:00,56
6/29/2017 9:00,86
6/29/2017 10:00,83
6/29/2017 11:00,66
6/29/2017 12:00,52
6/29/2017 13:00,96
6/29/2017 14:00,56
6/29/2017 15:00,46
6/29/2017 16:00,40
6/29/2017 17:00,32
6/29/2017 18:00,37
6/29/2017 19:00,35
6/29/2017 20:00,42
6/29/2017 21:00,50
6/29/2017 22:00,36
6/29/2017 23:00,41
6/30/2017 0:00,37
6/30/2017 1:00,48
6/30/2017 2:00,48
6/30/2017 3:00,58
6/30/2017 4:00,50
6/30/2017 5:00,59
6/30/2017 6:00,58
6/30/2017 7:00,61
6/30/2017 8:00,68
6/30/2017 9:00,71
6/30/2017 10:00,77
6/30/2017 11:00,86
6/30/2017 12:00,90
6/30/2017 13:00,89
6/30/2017 14:00,84
6/30/2017 15:00,63
6/30/2017 16:00,48
6/30/2017 17:00,48
6/30/2017 18:00,49
6/30/2017 19:00,51
6/30/2017 20:00,68
6/30/2017 21:00,61
6/30/2017 22:00,49
6/30/2017 23:00,55
