predict_data,mse,rmse,mape,smooth,skip,result_corr
 4.390283  14.630697  40.6451    44.035965  13.385329  23.06068  3.8956604 52.61377   50.714893  31.40644   40.829975  39.475178 ,493.32138,22.210839259587523,0.3951973,weighted48,48,0.48000569433918405
 7.0970635 26.22142   42.748394  65.6011    13.356855  45.61844 -4.6981173 66.95163   57.75268   23.6809    28.114285  28.946218 ,1446.5332,38.03331701449402,0.49405995,weighted48,48,0.1042410246608469
 5.0128675 27.027534  46.83019   56.830524   5.376368  24.018253 -6.3640447 60.55798   47.684376  26.083197  36.60894   21.37532  ,4590.4937,67.75318186139859,0.6893204,weighted48,48,0.14134187193009287
  0.49963418  29.175047    50.456593    58.50008      7.1713634  23.235605   -15.119062    52.562313    56.09048     38.7396  27.916204    22.30035   ,6580.778,81.12199351613131,0.72747093,weighted48,48,0.11915794239336747
  9.03891   28.17922   50.52384   68.88997    9.771738  25.186487 -15.138777  51.335724  49.451267  38.297256  42.569164  40.888935,10350.537,101.73758946119668,0.7499344,weighted48,48,0.20440804230197515
-15.364869   41.640423   55.320534   74.739586   12.806659   33.676476  -6.1200347  53.3543     61.01382    34.917046   45.56039    42.76709  ,4142.6226,64.36320811297205,0.61250937,weighted48,48,-0.2728206313466277
17.463251  27.844654  42.420864  56.583096  22.370745  24.096716  1.1719528 46.349407  35.77449   29.706875  43.840843  41.285465 ,7185.826,84.7692525145468,0.72060746,weighted48,48,0.2274162111398798
-17.170582  38.255505  52.960724  80.48375   13.422918  30.084053  -7.169594  53.984077  55.760677  27.777983  49.088657  36.81382 ,7524.615,86.74454008394419,0.6989729,weighted48,48,-0.2357897800363093
14.71564  30.820948 50.985718 71.309586 28.453808 51.445957 -4.022675 49.946796 28.829424 18.996094 37.39707  39.24819 ,7012.5415,83.74091893397308,0.70029944,weighted48,48,-0.16581934320009642
 15.490126  26.618385  61.01958   66.39502   24.5993    45.718647 -13.153713  53.04739   35.122833  22.558418  29.129389  25.936543,7904.6562,88.90813376738936,0.72556305,weighted48,48,0.057320086802024606
10.725981 39.27693  77.537605 67.853745 35.41401  49.86408  -8.513321 71.74527  55.250046 24.839808 42.8881   19.667131,4475.4673,66.89893336336723,0.5980666,weighted48,48,-0.2127870840631959
 3.60123   36.78803   66.82698   65.88059   33.645203  42.68084 -2.9504874 69.71156   43.67598   15.267128  34.005833  26.444582 ,2053.975,45.320802041184685,0.51759875,weighted48,48,0.08972377474146337
 5.272491  25.62477   49.884476  52.929554  14.135743  22.510849  5.7503037 53.07346   43.431423  34.418144  41.980843  32.84317  ,305.87366,17.489244043884874,0.38907006,weighted48,48,0.3116732070650078
17.981596  21.675852  33.459885  47.854145  18.482164  21.648464  6.7665863 50.442467  32.252693  24.896782  39.440544  36.1408   ,2357.9707,48.55894050661526,0.6171343,weighted48,48,0.29165519082706737
 9.780927  29.463594  52.54154   56.735565  35.877716  37.082256  2.0868273 48.112766  31.782848  20.814333  43.72613   38.819874 ,2932.2507,54.1502606865551,0.6020829,weighted48,48,0.02130775902792674
 9.054874  42.282837  57.37242   64.92542   39.50444   57.10759  2.7218375 45.6542    28.533657  14.193606  23.692356  25.251009 ,8491.837,92.15116338963117,0.72531766,weighted48,48,0.29760986926782323
18.363882  42.591652  50.306705  71.17645   37.7351    49.239475 -3.7939107 53.477993  32.01382   13.696643  31.743492  29.195454 ,12670.431,112.5630075293944,0.7576885,weighted48,48,0.05436155898029107
12.173048  40.21387   63.157867  58.020954  40.199482  33.6889  1.3460014 50.56552   29.239006  15.573453  32.93226   23.189642 ,9824.701,99.11963060804354,0.7449512,weighted48,48,-0.08209960757213591
15.783202 38.950428 67.586945 53.850677 33.338524 26.503773  1.800314 52.4701   41.683094 22.796535 35.15681  23.953806,5687.5156,75.4156192376619,0.67595863,weighted48,48,-0.2347355480953439
-12.548207   34.142273   59.511883   64.2648     31.111048   60.529697  -0.6588263  74.71574    59.931953   15.885069   26.984383   26.028866 ,1116.6268,33.41596670836694,0.4570805,weighted48,48,-0.46393905583134826
-22.682245  42.87624   73.767296  62.15748   30.437172  48.811733  11.834441  44.517155  49.396183  22.862007  35.63113   36.39625 ,3066.6943,55.37774224304833,0.5737328,weighted48,48,0.02976149344120881
-2.3874873e-02  4.4402260e+01  7.0226288e+01  7.1018982e+01  3.2232037e+01  4.3128658e+01 -1.4893596e+01  6.5985809e+01  5.9400711e+01  2.4392244e+01  3.2175667e+01  9.1287279e+00,4973.57,70.52354092229594,0.6411445,weighted48,48,-0.022669741105595498
 3.6981509 47.38074   65.68559   62.588406  36.96209   50.721764  1.0571362 46.369564  52.42602   33.342922  59.58894   36.439342 ,3954.6282,62.88583444487419,0.5893176,weighted48,48,-0.12922402331549088
18.49756   33.10228   49.369026  55.68424   29.94343   35.390327 -2.1779234 49.09236   36.42613   26.800741  44.174778  41.52163  ,6358.9473,79.74300762841216,0.6921055,weighted48,48,0.08150249878244036
-6.385642 45.94608  33.078735 54.574993 37.51449  38.568974 10.786639 38.090523 43.99866  20.975328 52.472523 32.228172,6775.894,82.31581891087976,0.70278835,weighted48,48,-0.23827977413786103
-0.6131804 37.304134  83.34781   54.75299   39.691532  49.662148 -2.0884194 61.56226   42.491913  11.678476  23.489346  13.166574 ,1699.4535,41.224428330917306,0.52654964,weighted48,48,-0.33572467310923176
 4.272526  37.220684  74.3318    60.4012    37.131966  47.019913 -3.2185495 64.40874   44.634697  20.15146   35.564365  22.939053 ,1356.3959,36.82928011818093,0.4630734,weighted48,48,-0.18889547579402013
20.34076    36.8376     59.178047   49.126347   36.903984   41.68674  0.51773316 58.94193    31.303242   21.354284   47.395466   36.454136  ,2706.8037,52.02695177441688,0.57106924,weighted48,48,-0.06652002560705052
20.138601  51.40231   63.46286   56.571686  49.554123  52.548225  3.6399448 52.91647   27.083954  12.132452  34.85226   33.44257  ,9931.518,99.6569996444053,0.71626097,weighted48,48,-0.39120984194147135
19.311144 43.60417  59.232018 53.744    59.292873 48.16933   4.730349 50.16228  29.490265 18.3213   60.424576 46.78958 ,5181.281,71.98111392385331,0.6256851,weighted48,48,-0.044038459496154155
 1.0881652 21.040152  46.104565  61.88549   20.954556  43.46787  7.186053  70.53461   54.687798  24.757471  34.895016  37.047127 ,454.50864,21.319208157776625,0.42362133,weighted48,48,-0.213036273876513
19.873915 18.891834 36.984745 48.5682   15.879483 20.871586  7.851912 55.917168 44.92803  40.32381  53.239017 50.65043 ,256.38815,16.012125189248675,0.48557177,weighted48,48,0.6170004544779475
 6.4314384 28.20077   45.54235   43.122047  22.5221    26.632233  9.68368   44.4777    46.135635  47.06502   53.946342  50.682083 ,248.41772,15.76127293746844,0.3940637,weighted48,48,-0.509352450676302
23.971567 15.716795 41.244434 34.76579  21.043833 16.050308  4.777183 50.14815  34.828564 39.222694 50.16937  52.406616,210.64417,14.513585533529008,0.45009258,weighted48,48,0.5913046333341054
17.176682 26.59805  21.698944 36.26241  24.676867 16.248533 19.398832 46.42922  36.53347  33.20415  59.451263 50.55736 ,164.69273,12.833266683298078,0.3384085,weighted48,48,0.7736465077925323
-5.204197 34.735718 58.51211  32.770073 34.607388 38.75947  23.114471 45.303734 34.00925  27.925787 56.304684 37.500076,439.63513,20.967477956014108,0.34489712,weighted48,48,0.19977113606461863
17.047304 27.554379 44.339535 47.93854  28.240623 38.026917 11.520009 54.392155 38.23591  20.453428 43.809265 34.78179 ,325.41174,18.03917246339373,0.31186742,weighted48,48,0.11526861642758841
26.415762  31.71794   56.659634  40.937614  46.306133  49.592247 10.7843275 47.524353  22.01679   17.173576  40.829407  38.32649  ,2776.8867,52.69617366327464,0.5830606,weighted48,48,-0.16889472350456802
 8.037326   27.912273   59.883644   45.177578   30.5201     28.29704 -0.48770338 50.419056   36.968925   30.812847   47.86319    38.02493   ,504.80972,22.46797104547695,0.3521438,weighted48,48,-0.3501103124662147
13.347718 34.639004 55.750854 31.04341  54.72038  48.660007 16.913477 46.327686 25.525799 25.032642 57.308933 41.98479 ,376.50644,19.403773839358784,0.31150728,weighted48,48,0.14148175565488808
16.967333 30.229607 45.4907   37.056286 42.74168  21.065819 27.29728 38.82257  18.766342 21.502497 52.031067 39.912823,932.9267,30.5438487551478,0.4652488,weighted48,48,-0.11829988569530411
 9.79581  39.255253 48.246353 31.632809 48.3138   42.595314 17.817719 47.725266 29.693901 24.160275 56.327312 34.12065 ,239.53186,15.476816867546198,0.2789955,weighted48,48,0.11570199037286788
 4.550692  46.670876  69.331535  46.1666    47.513126  53.78625  3.1773741 59.470604  38.709145  14.398322  38.864857  12.247066 ,557.1065,23.603103743949784,0.3733563,weighted48,48,0.1613419522634854
20.931124 26.359005 39.33663  29.240135 37.05614  22.528593 16.04434 43.42189  26.983814 25.76586  53.906666 32.17281 ,282.67657,16.81298827415969,0.3079172,weighted48,48,0.32306853625538706
15.924284 39.631664 54.109833 40.3924   48.253395 48.77916   8.612446 38.347862 25.338295 23.244995 29.72227  28.820705,2241.8264,47.34792937410912,0.55860287,weighted48,48,-0.30236652234248224
16.537397 35.36207  53.47172  42.708965 42.49029  21.472406  7.54989 47.581894 31.008198 25.471828 38.570393 26.110266,653.8582,25.5706514452024,0.40401924,weighted48,48,-0.07303287666000827
26.75321  30.559769 50.354492 38.595444 41.196224 35.645023 14.396368 41.61677  16.967443 30.556583 56.32435  43.41256 ,272.1034,16.495556782197063,0.27892187,weighted48,48,0.13517657551890025
-16.174196  42.97988   57.38865   35.616177  51.36412   33.552334  25.85948   40.435066  40.099358  22.255754  73.19543   35.81358 ,629.6177,25.092183559452334,0.37408364,weighted48,48,0.1613819342606333
-13.053562  32.33434   55.041412  43.390095  26.18469   24.484636  12.381607  40.566456  46.925385  34.12958   46.874332  47.154392,325.2069,18.03349409237399,0.37299848,weighted48,48,0.3468633135915972
 7.164061 28.392235 33.55393  40.107243 31.165369 32.475666 20.351759 44.09417  33.67839  22.137474 48.11228  44.813198,191.72144,13.846350983088469,0.27141288,weighted48,48,-0.6353603242516526
18.80535    25.553768   53.289104   44.939037   24.532997   23.072618 -0.49043998 54.24404    47.517605   46.606617   49.69526    48.8381    ,273.95297,16.55152477604735,0.46011582,weighted48,48,0.4285168590292442
-8.303363 30.76186  52.38944  44.669594 28.933716 24.275883 15.950492 39.798996 42.875065 34.651985 49.83532  55.417   ,292.19278,17.09364734458435,0.37551036,weighted48,48,0.20320473072124315
14.7184725 26.921253  43.316734  31.634382  31.430779  27.310469 11.822686  31.354647  29.434433  44.607147  60.36761   60.440292 ,231.47871,15.21442453690766,0.3526037,weighted48,48,-0.7724211348303047
27.276934  36.15838   29.742212  20.341984  44.267155  19.285843 23.072414  35.317497   2.7787914 21.917522  61.1807    50.550747 ,413.2582,20.328753263014328,0.37841865,weighted48,48,0.5193657310544064
10.195096 37.144768 32.833733 29.803316 45.081203 32.956768 20.645432 45.503815 35.94342  23.37916  62.15957  36.215122,627.10016,25.04196794765552,0.40377435,weighted48,48,0.0041154512790748995
 0.59526473 43.655457   64.12452    52.04518    44.638035   57.614285  2.9846966  48.75232    36.39076    20.009043   39.83265    25.909193  ,1591.2631,39.89063877056167,0.48518845,weighted48,48,-0.12572108675119947
 8.616237 33.98197  65.83552  52.68798  31.324087 29.260654  6.14131 52.230938 19.872301 12.10588  21.593655 27.779684,1150.6221,33.92082060199164,0.50443023,weighted48,48,0.2122691491460021
30.850885 25.911896 38.732    37.659058 33.149452  9.652154 13.149796 42.679512 24.406841 28.760584 54.262897 38.529144,482.16,21.958142081289783,0.38220498,weighted48,48,0.16764925931511637
24.513952  22.994457  32.258926  32.0763    32.285973   3.3974833 16.68638   41.658928  32.023384  33.857754  70.271614  51.02786  ,323.63928,17.989977271429847,0.3611255,weighted48,48,0.6757323900600507
32.69814  36.76705  31.476408 19.671188 52.577385 28.251318 29.32117 33.369755 11.513575 23.918251 54.033966 48.619865,466.53235,21.59935991257177,0.36045817,weighted48,48,-0.34141888749997046
25.865839  27.406326  51.89168   33.119926  45.084057  37.75577 13.4849415 47.740726  25.680763  27.98671   57.5676    50.30719  ,196.76257,14.027208319626094,0.37417838,weighted48,48,0.20199195355378127
19.43402  28.545168 45.565987 27.166124 40.25395  17.215029 23.04013 38.30429  21.235067 24.230474 57.9233   33.88534 ,146.6491,12.109875871697849,0.30144256,weighted48,48,0.27552210542726563
-0.07239917 41.695953   62.589203   39.50012    49.939503   48.0543 23.287474   40.441242   20.568932   20.695818   62.976196   57.132145  ,452.71936,21.277202831941104,0.32302794,weighted48,48,0.16807881012900125
18.00092  45.053562 61.015568 33.531395 65.23924  58.534496 21.072739 44.69203  13.419517  9.365452 42.492065 28.129923,1363.8524,36.93037255420242,0.4464891,weighted48,48,-0.3443990827864872
-1.6741453 49.486954  78.29876   39.29441   62.6484    50.931892 18.137892  45.060493  30.061785  18.6076    45.598167  34.02096  ,648.3755,25.46321834099629,0.37373888,weighted48,48,-0.2793904450833565
-4.051252 32.338917 51.15794  38.47996  37.34928  20.98303  19.262371 36.71068  36.88991  32.215008 56.551777 56.31471 ,322.88004,17.968862941221147,0.3309522,weighted48,48,0.47069081639787
22.45031  30.305336 39.339733 26.84998  44.718822 19.149048 19.758362 40.110786 20.209227 27.615332 68.52     54.68949 ,220.81842,14.85996030984458,0.3719616,weighted48,48,0.4574028159855462
14.849554 32.552437 38.955734 19.431332 51.818142 35.6654   23.24323 33.997086 13.842322 22.688978 57.69954  49.019638,680.5953,26.08822101790205,0.406633,weighted48,48,0.2911949886456684
 6.7564235 33.132206  58.855507  40.491173  51.476303  33.32123 23.16223   40.7923    22.420956  17.282442  59.49087   48.307777 ,551.8156,23.490755900842544,0.35752746,weighted48,48,0.012190052459307165
 0.97707695 42.769722   67.77669    35.63028    54.03802    44.597424 21.082697   35.201214   26.292595   22.007689   44.097237   42.86144   ,278.06735,16.675351639318492,0.34483036,weighted48,48,-0.1722206770532978
18.040964 34.693237 50.868572 32.13676  54.88881  17.8955   30.799288 36.967228 18.630054 23.866583 64.24244  60.594315,257.3034,16.040679716324952,0.36739755,weighted48,48,0.22129190957750844
15.826474 33.07275  41.15726  24.204971 50.781265  7.738902 32.434944 24.438564 14.654383 25.282843 68.004425 61.232536,376.61426,19.406551930018377,0.410851,weighted48,48,0.40449587111397434
19.553795 45.86315  61.24983  23.050735 62.367878 47.011578 24.799 34.48227   5.876788 18.63817  58.3278   39.12628 ,1485.1932,38.53820490506385,0.4780601,weighted48,48,-0.13036129354668743
20.109438 42.60221  68.5561   32.522213 74.606804 57.40895  17.907797 42.515007  8.993574  9.127135 56.22595  41.205956,742.9628,27.257344507303785,0.39705947,weighted48,48,-0.35919720675761047
-16.297184  34.481255  75.27096   28.158834  62.563473  47.449387  25.919323  42.047832  35.02878   13.419546  47.495945  38.280254,506.19376,22.498750100917064,0.46281996,weighted48,48,-0.5011917784026438
-12.388307  46.04003   76.855194  37.414368  54.40726   59.964237  15.008699  39.070965  27.251884  20.85703   42.53436   35.8521  ,527.7754,22.97336263207892,0.59410566,weighted48,48,-0.05505305732736423
26.080156 25.273676 45.62979  25.391792 50.85919  16.734892 27.128372 40.412415  8.514831 17.663717 51.958664 55.119038,220.3448,14.844015725417613,0.3894223,weighted48,48,0.14235826235811705
28.62145  30.965574 45.75621  24.131437 54.080723 36.392323 24.09781 39.020504 11.640893 26.408499 62.614857 59.342014,243.42741,15.602160553603776,0.32377627,weighted48,48,0.23535670880396833
23.028234 40.71644  42.555275 17.196133 58.33344  37.950066 25.921545 38.188206 10.838373 24.750568 65.19819  41.979923,569.1813,23.857520290551207,0.38398913,weighted48,48,-0.05169784128157976
19.948702 41.649284 58.23377  22.123272 64.43678  45.34544  24.996597 38.63751   9.395005 16.822573 57.61091  41.003498,301.46146,17.362645429162807,0.4386373,weighted48,48,-0.0726744004995529
 5.3085365 35.033844  80.499405  26.639008  65.71047   45.183304 15.749199  52.102795  30.93154   22.57597   55.129505  43.091072 ,535.57135,23.142414526095937,0.62535363,weighted48,48,-0.0010377067179848515
19.802547 28.2482   52.61743  27.16461  53.50817  23.319351 25.71466 43.642944 15.820679 17.028946 53.06881  48.181683,213.86555,14.624142874355758,0.4039836,weighted48,48,0.10125233888623031
31.69352   37.06189   47.15031   22.555977  55.589233  31.852495 26.191292  34.940563   5.8321233 23.571985  57.20074   50.03024  ,275.5148,16.598638529270726,0.328484,weighted48,48,-0.2852409581500167
32.827248  30.673304  46.960686  15.774553  51.255085   8.027731 32.995235  35.24041    1.1638699 11.467436  47.26675   27.316914 ,246.98027,15.71560595032028,0.5013917,weighted48,48,-0.2085503132703482
29.54485   37.969406  52.277042  13.2037525 67.76123   30.48438 33.53388   32.826344  -7.496598  12.163331  61.58561   49.599174 ,470.94687,21.70131030367716,0.6084318,weighted48,48,-0.058674997556762976
25.98723   39.62856   54.592007  19.399477  70.003654  37.55687 30.905554  32.10576   -1.6832093 17.48608   61.743824  41.50022  ,764.7661,27.65440495257944,0.41414964,weighted48,48,-0.11832275920473942
26.248846 37.8135   65.215225 29.89105  60.07491  27.96971  17.161 47.650543 25.561237 32.223015 64.79694  47.614365,616.2362,24.824105342482888,0.35813296,weighted48,48,0.17561106416116967
29.05364   42.802204  64.05441   24.030197  63.112118  37.824097 26.236591  34.76075   -1.3110946 14.488978  47.823616  39.408684 ,1758.0791,41.92945386673311,0.51201576,weighted48,48,-0.3293056161683433
21.683922  35.470654  69.30265   27.808746  62.85622   29.635912 27.980165  30.643606   0.6683124  6.813547  42.201916  26.74991  ,1016.4114,31.881207269379324,0.4947779,weighted48,48,0.2143210991240058
24.445894  31.356077  51.126186  20.756407  61.50125   18.476873 31.788807  37.469837   2.5543013 14.057174  56.258816  48.14473  ,453.7728,21.301943494218065,0.39542663,weighted48,48,-0.04888785578602926
25.497469  31.276857  63.835697  14.678187  66.30932   41.77361 32.16258   32.14741    1.6752615 15.831463  55.604733  37.357327 ,485.10632,22.025129358126083,0.412159,weighted48,48,0.10968631312620139
20.791763 35.4382   54.874382 15.104184 64.63789  24.815434 27.760868 35.876377  8.515069 21.126104 60.78329  50.02043 ,746.93427,27.33009815453868,1.516478,weighted48,48,-0.10964948499275766
 3.4528906 34.387554  54.83751   14.980172  60.814465  27.345535 28.299555  29.537403  18.42178   26.06452   65.43479   56.676212 ,570.2778,23.88048933745064,0.93417853,weighted48,48,0.3592644537110835
26.098154  37.990417  57.83833   16.021816  64.46385   24.037546 32.491734  35.188633  -0.5311202 13.487247  57.160545  42.48329  ,368.20215,19.18859422775676,0.4673356,weighted48,48,-0.17200615136140876
25.395203 36.27777  56.45771  15.473754 64.44601  21.60017  34.372444 29.606834 -1.753517 12.43252  50.329384 40.691162,456.41675,21.36391228326111,0.81873393,weighted48,48,0.08718848515564015
23.333942  34.24509   54.36875   11.206805  61.16833   24.873081 31.540697  31.530657   3.7059708 19.502853  53.07943   48.89538  ,755.5867,27.48793680729558,1.9389262,weighted48,48,-0.03912847935822829
29.271961  34.209644  54.530308  10.394708  62.920963  16.965076 38.30915   29.41354   -1.5633805 10.827729  54.023098  31.775003 ,654.8194,25.5894391687793,1.5269432,weighted48,48,-0.21089993196908166
27.901602  40.890358  61.693867  12.3839245 68.36015   38.57822 32.25441   35.777252  -4.826496  11.204142  53.847263  41.530075 ,476.932,21.838773015806943,0.6313725,weighted48,48,-0.23173731662113742
20.674871   36.04224    64.77058    14.727815   70.88298    42.671314 30.788221   33.780483   -0.18462186 10.868265   52.048283   37.445152  ,450.7648,21.23122231585809,0.5573903,weighted48,48,-0.23450460008645996
 6.3561015 37.28416   65.65486   11.179544  76.288315  38.597492 40.048996  17.051807  -2.4884517  9.2477255 42.449467  38.377346 ,574.0448,23.95923203703924,0.78706974,weighted48,48,-0.201061054605307
 28.74849    41.37834    67.214264   17.770844   71.5783     44.32399  35.18797    31.117962  -11.85461     1.9872818  34.007076   26.507387 ,577.63495,24.034037295686897,0.50685155,weighted48,48,-0.5489448387176484
18.900246  35.66793   69.94859   17.194176  74.37973   36.317776 37.51771   25.346897  -7.4238834  4.608703  37.22566   27.853378 ,518.7853,22.776858394438698,0.669183,weighted48,48,0.30040336045953614
24.67921  38.419456 67.08604  14.723093 77.8244   54.57662  33.983887 33.74543  -6.692914  8.709055 51.299667 42.622765,976.1978,31.24416449421245,1.6309646,weighted48,48,-0.551896824177546
33.985016  37.990566  51.81282   11.248832  71.05508   34.341644 36.585003  33.052757  -6.2702336 16.55494   56.98702   51.57436  ,830.8406,28.824305302502523,1.6031688,weighted48,48,-0.15111020005078846
25.08697   35.113846  59.438858  11.575925  72.77596   46.585835 33.77974   33.327015  -2.4760177 13.308988  55.031456  45.469543 ,677.0518,26.020219423510945,1.0901436,weighted48,48,-0.11591267617528647
12.338874  44.352707  70.68736   16.672823  72.14218   49.05094 30.647802  28.465796   1.3708407 11.7020645 44.495205  46.32552  ,506.01547,22.49478767208327,0.5508063,weighted48,48,-0.20912683876767854
20.008444 37.656647 58.008118 18.948757 60.69908  16.770765 38.27906 28.215899  8.658075 13.094049 54.18198  31.356998,449.08386,21.19159886145185,0.8117121,weighted48,48,-0.14789638154724133
23.75406  37.48412  66.73425  15.577568 68.579544 38.7401   34.750347 30.883787 -5.531499 11.537304 50.60089  42.54956 ,656.3308,25.61895412671788,1.0729601,weighted48,48,-0.48171020582333357
17.691143 36.048748 61.327034 14.792021 65.139015 33.44496  27.83473 37.11927  11.157502 21.387083 57.096798 46.156364,738.8503,27.18180054304201,1.4180175,weighted48,48,-0.15912551617151607
18.489069 34.46119  56.313354 10.936128 63.617073 26.734535 30.950344 36.01677  10.005677 22.061613 58.730007 46.148315,837.7549,28.94399562625209,2.0324805,weighted48,48,0.162798598455489
24.861004   30.303837   64.13945    14.427227   66.94147    28.598494 36.472065   44.026344    0.08245663  6.65154    50.17427    40.038067  ,551.50214,23.484082614197828,0.8987717,weighted48,48,-0.2645632373778839
23.582052  36.059982  58.755497  18.233637  60.753387  20.884542 33.14053   37.328205   1.8467128 14.9519615 52.983944  52.577    ,809.9184,28.45906526919136,1.9142241,weighted48,48,0.014323345832092743
29.473625  36.69893   54.73523   14.685102  61.153896  21.56035 37.87423   31.815851  -3.3052843 15.47804   51.624905  46.256493 ,638.0574,25.25979756543736,1.354043,weighted48,48,-0.09707232918724584
34.472187 35.791122 55.613132 15.077311 67.64898  40.67073  31.634361 35.74975  -3.987885 16.865463 53.038246 46.93297 ,587.31085,24.23449714870893,1.0153657,weighted48,48,-0.513342507548375
30.569687  31.43213   53.563473  14.193815  60.835022  18.335201 32.462154  33.194107   3.9020507 16.937637  58.523727  35.168858 ,427.03455,20.66481419946566,0.7929456,weighted48,48,-0.06519149024122112
31.188562  41.10477   53.363567  26.692787  58.559807  33.053265 25.94289   40.763103  -1.8316747 14.67848   52.73212   40.331367 ,291.21692,17.065078931704726,0.34692016,weighted48,48,-0.24285502686619898
28.399105  45.016872  61.548252  22.492453  63.926785  45.126766 25.045143  42.263016   4.0618167 17.9466    58.13833   39.291782 ,339.88998,18.43610544911423,0.4174446,weighted48,48,-0.22280951835461837
21.587725 40.148556 61.416782 19.350145 61.940197 28.278545 24.049738 31.655565 11.996097 22.685425 42.955845 31.502016,480.5265,21.92091442567605,0.42153326,weighted48,48,-0.23188984085071557
30.263077  46.164394  80.143906  28.226114  76.6766    65.52538 24.638594  51.854553  -5.818314  -6.4191484 42.394703  35.18286  ,1586.5538,39.83156829711595,0.47945562,weighted48,48,-0.4275609312136205
21.121428   49.142292   66.79209    27.54184    76.809685   60.874252 26.52381    36.097225   -5.1853456  -0.08026071 41.44283    28.955809  ,997.1757,31.578089242619537,0.46297202,weighted48,48,0.4291305706507013
 9.120363 38.706615 70.96826  19.771118 66.121925 39.585796 27.548872 38.21142  17.44597  17.237661 48.63663  33.59587 ,381.6033,19.53466923195663,0.53264636,weighted48,48,-0.0964101956078962
22.362684 41.64044  59.325966 26.081919 57.166733 43.656494 22.464415 42.846348  9.99846  20.56601  58.241993 43.8033  ,260.8502,16.15085722830167,0.39681843,weighted48,48,-0.06346577957081079
17.972013 35.13283  62.160538 30.186083 59.27696  36.741135 27.844229 40.544598  7.912169  7.001041 36.229565 43.956966,321.8176,17.939275248335615,0.3464544,weighted48,48,-0.2723052962650992
-6.8200755 50.441475  68.82615   39.283947  56.3827    59.201885 26.06043   42.847107  25.125393  18.324478  62.718163  48.226772 ,479.32858,21.893574006170667,0.3647387,weighted48,48,0.08725622941043759
21.432747 38.61208  68.73585  39.20591  53.20701  41.38733  15.646051 52.279667 17.637115 14.498863 44.726826 36.773544,281.97964,16.79224954481652,0.32995474,weighted48,48,-0.23975984328752314
20.404682 42.91262  74.44955  39.133076 54.976215 63.07197  11.395418 42.303123 24.670078 37.39517  46.21143  35.937767,1066.1066,32.65128737711291,0.42150792,weighted48,48,-0.1348876677342535
20.477718 43.190872 80.67588  41.45098  60.017124 37.840218 21.367231 49.775867 10.83452   3.79474  31.079313 18.975668,1045.1348,32.328544130922445,0.47286713,weighted48,48,0.28325040227675347
25.129799 35.783318 70.04243  34.932045 55.28903  34.077866 21.301355 47.170113  9.402674 10.540155 41.78939  27.190485,402.26486,20.05654162762232,0.37626418,weighted48,48,-0.44536468049337763
25.980385 31.403107 57.891773 30.273844 59.990402 28.334888 26.30051 45.004856  9.373728 12.281773 54.526875 46.92468 ,270.8652,16.457982982656834,0.38455045,weighted48,48,-0.07400689450599374
27.07275  34.854534 52.23616  27.210648 52.416557 33.493416 20.1302 41.13052  13.844686 25.468758 57.27498  53.644543,325.9481,18.054032502452447,0.3154932,weighted48,48,0.0919904901984143
29.373337  40.148514  56.490337  23.931913  60.58743   41.707867 23.580862  44.489716   6.5210614 20.295574  62.88686   49.47262  ,288.42432,16.98305968917998,0.38641164,weighted48,48,-0.10520122214466954
23.594572 32.89043  60.677494 27.065191 59.743477 33.400654 29.068142 46.913795 10.582438 11.802492 50.24852  42.942177,263.61905,16.23634962275282,0.36716613,weighted48,48,-0.08422004199511123
24.983812  35.71302   62.998737  31.291197  61.536453  31.474855 28.071474  43.537296   5.3369713 10.16413   43.304176  37.000534 ,393.19522,19.82915078734502,0.36598375,weighted48,48,-0.17514263659340426
 5.8415008 42.577415  84.32331   26.99192   65.46251   51.15645 24.308014  41.08555   18.944788   2.2836487 16.789106  17.653214 ,1378.5612,37.12898001866685,0.5304174,weighted48,48,0.3810695456078078
20.172768 34.23236  69.57765  42.87128  47.768257 39.28105  11.342232 55.976196 25.40571  19.0428   45.459713 37.953438,286.01218,16.911894527629713,0.31173518,weighted48,48,-0.14851237886988516
-8.283739 39.143536 70.90729  38.173088 49.536503 45.673527 17.580112 42.705242 32.97629  22.063358 43.565758 47.018604,351.10965,18.737920099578904,0.3450129,weighted48,48,0.14447071200162664
27.919714 26.885921 55.22979  33.64283  52.014835 28.591879 20.096685 48.016083 11.718605 16.985764 49.476418 48.948895,446.54517,21.131615319601693,0.33413687,weighted48,48,0.09153197382000627
23.699764 34.076336 54.76577  39.345047 48.28437  40.296078 15.548621 51.077793 25.429333 28.28363  59.53666  52.456482,248.19603,15.754238466618624,0.2671816,weighted48,48,0.13969744241210302
27.850582 32.62823  59.94443  39.152992 52.572334 35.263927 19.013092 52.40787  19.26296  19.957825 54.20342  44.00121 ,257.61975,16.050537404603077,0.30025646,weighted48,48,0.015100356885676902
24.34508  30.810877 60.263638 38.082474 46.41974  28.422926 13.492418 50.24901  23.915298 21.264929 51.00136  30.21011 ,224.77538,14.992510642524518,0.33026305,weighted48,48,0.09533511003343159
20.239784 30.556787 51.073887 36.66811  33.6397   22.378403 13.541938 42.32034  26.990526 28.956017 31.362429 40.057396,114.57546,10.703992822368138,0.24631155,weighted48,48,0.08917576911690395
21.372068 25.011774 51.39995  33.045837 29.690989 25.331087 10.392692 47.41578  23.673895 31.284367 47.590527 47.11145 ,151.57884,12.311735952459586,0.32049084,weighted48,48,0.461832048547263
30.48172  30.069181 47.55639  33.117725 43.979733 34.139664 17.358374 47.001186 18.812223 28.905226 56.452854 62.20063 ,234.43805,15.311369935979153,0.38829482,weighted48,48,0.41958755938378933
-5.717597 28.231733 49.159878 33.092007 33.834667 16.474379 35.211853 32.00776  23.039396 14.966605 44.489918 29.00188 ,452.72507,21.277336937189105,0.39801002,weighted48,48,0.3922833726769883
15.058143 49.736866 52.368313 50.87265  46.481544 54.28609  10.611841 59.317474 28.64533  19.617405 43.30318  43.790707,324.64343,18.01786426347994,0.54240113,weighted48,48,0.09265935288084817
21.568386 31.711897 74.1634   44.364227 43.727283 44.34469  10.913998 56.922302 25.522963 20.778503 35.97929  23.287788,344.5389,18.56175934312557,0.3812019,weighted48,48,-0.3652035126615577
29.101744 36.644787 58.0755   50.88315  43.464985 52.56584   7.59404 54.4603   24.020126 24.843884 44.129986 45.22577 ,978.35547,31.27867434451147,0.40933278,weighted48,48,-0.08961500580177084
 4.850731 40.930855 67.13619  52.879555 37.721943 39.40097  13.824597 45.89128  42.089195 37.688942 50.55063  57.19927 ,666.8824,25.82406600932368,0.34369382,weighted48,48,-0.3770222415724303
28.16827  31.716364 53.017693 47.359215 43.34906  28.67336  15.216536 53.16031  23.95608  23.351347 50.403687 44.76786 ,790.52954,28.116357178973683,0.39934656,weighted48,48,-0.002019843930134463
26.008942 27.74618  50.332344 49.89568  28.308737 20.682074  2.347255 54.786    36.65173  33.156166 51.10874  33.733047,1334.9647,36.537169043040095,0.49220154,weighted48,48,0.0484250700877786
18.340612 31.673841 60.23295  48.941067 44.519836 33.91223  14.086058 56.090584 28.08316  18.28848  44.17591  35.602814,653.8294,25.57008812535227,0.37715897,weighted48,48,-0.1072135717392774
 4.772651 46.406456 61.45909  47.853943 54.649555 55.12455  12.863743 54.06118  34.523895 14.815564 40.72053  27.528454,1647.0231,40.58353202087101,0.49044704,weighted48,48,0.3237715618502507
12.429051  45.032043  74.10652   52.292072  50.763344  61.830162  9.262122  62.913673  24.937597   4.0682206 18.872637  18.48572  ,876.6956,29.609046213543948,0.44419345,weighted48,48,0.2875664947091133
16.178852  35.02553   75.21061   45.77169   47.86609   47.47941  7.1457705 57.02508   30.669939  16.421608  34.29292   14.236421 ,672.3191,25.92911667984228,0.40818632,weighted48,48,-0.35159257593516735
17.345415  29.569914  62.620693  45.96851   33.386585  43.51742  3.2026305 54.139706  36.04751   33.63389   41.849815  35.346565 ,493.58,22.216660112903234,0.34836856,weighted48,48,0.0034910492968243338
18.691998 26.877623 69.968124 43.877705 44.99754  42.439114 11.860515 56.66019  27.390278 18.006845 39.40847  28.616598,989.9306,31.46316263549079,0.448858,weighted48,48,-0.1742746341636647
-12.996817  40.762283  79.74263   45.079155  41.867428  45.01407  13.040101  40.877872  39.710762  20.839035  37.01537   28.026491,4870.165,69.78656775528154,0.6544569,weighted48,48,0.06903403860829001
25.494797  43.999306  70.06569   60.82426   50.94024   56.98095  2.5885198 58.91128   32.700665  22.657425  34.734715  32.12872  ,696.35077,26.388459012283548,0.34853467,weighted48,48,-0.4079415327495836
 1.9894214 34.910088  71.38232   50.09583   39.842793  39.859932 11.680672  46.24755   29.104351  13.169347  18.762577   4.046211 ,1593.6656,39.92074209498193,0.5540283,weighted48,48,-0.27592667874132254
 2.4442315 35.32778   64.00591   55.39949   28.110634  39.07713  8.180322  46.403133  52.444843  46.364925  50.133514  55.29387  ,327.97772,18.11015522208379,0.42033494,weighted48,48,0.3206411162148268
26.555948 24.802418 38.689987 49.474678 24.585052 20.058172 12.544082 59.81649  33.72551  28.082155 37.515957 44.041687,165.26414,12.85551029315682,0.32837483,weighted48,48,0.2225293980103354
18.214914 24.038164 44.172684 47.74706  17.61478  18.452057  8.057322 51.956528 40.191906 34.19526  40.007328 20.830643,235.63994,15.350568014066846,0.3486971,weighted48,48,0.1466176541499319
15.5405855 36.253704  55.470078  47.54422   32.52913   26.78171  9.783729  47.25309   32.719303  27.356834  43.664047  24.120045 ,4680.109,68.41132133440159,0.6629076,weighted48,48,-0.06366409634350025
-10.041437  46.857174  69.6599    76.00599   34.801605  54.79604   5.640747  49.70749   35.47541    8.072806  30.687593  16.792812,6111.7007,78.17736682438051,0.68168193,weighted48,48,0.21344489111743234
14.249901  24.009634  52.475803  47.456886  30.525686  31.361  3.1300159 59.92938   43.635635  28.99134   54.40869   35.37392  ,336.7128,18.349735667640164,0.55915135,weighted48,48,-0.28593192299102993
-20.297617  27.719604  53.016018  47.59074   21.221582  31.10471   8.122115  41.960083  55.19179   38.366444  50.652317  58.469334,629.87494,25.097309396922288,0.92823863,weighted48,48,-0.5129761908727966
19.724586  13.555134  39.585506  52.517445  14.029395  23.099901  7.2739153 61.425774  45.05873   32.722862  40.920944  42.56849  ,482.9155,21.97533837796752,1.0015885,weighted48,48,0.4219141658097565
19.194344  16.9465    37.428894  47.57743    8.442816  14.20711  6.9847326 59.332565  47.568516  43.143837  44.86488   37.594532 ,265.14212,16.28318520318823,0.5231257,weighted48,48,0.434191236374506
-20.316032  27.04724   49.278194  55.713974  16.13648   21.47165  12.45173   48.525146  59.16188   38.46918   52.788597  48.37029 ,611.2181,24.72282505324344,0.49913898,weighted48,48,-0.5390657923827992
-7.885115 28.564041 49.21886  52.17426  17.78798  23.211512 10.722096 45.059624 53.686974 41.353542 49.943787 47.715923,408.8942,20.221132400452767,0.36666444,weighted48,48,0.030877036521478107
14.431739 27.044538 49.55448  40.37635  22.223114 23.827303 11.868447 45.46423  33.59558  32.537807 45.602707 28.197502,516.4128,22.724717396740463,0.39517567,weighted48,48,0.23717518794310535
-22.143911  37.10517   60.33838   59.356117  27.648844  37.113937   5.35158   52.200546  59.45981   33.333652  51.3221    48.3172  ,597.42426,24.442263712084724,0.47169635,weighted48,48,-0.4212549672917535
-1.2896844 23.422058  50.459045  49.007538  13.2525215 23.245161 -3.736392  58.722946  57.77601   41.207844  35.326157  27.501719 ,564.9215,23.76807751563139,0.45019695,weighted48,48,0.22252458672189235
 5.562524 25.68591  53.873287 53.76742  23.681477 32.37092  10.627888 55.430397 42.438755 29.759789 39.316517 37.806953,1016.22144,31.878228237260537,0.45140907,weighted48,48,0.20652049215453253
 1.0414603 32.22226   54.138874  65.24763   14.93937   34.849373 -4.18182   54.885326  60.27992   46.38739   51.997334  49.985527 ,1651.0988,40.633714510032334,0.4589031,weighted48,48,-0.41783638101539233
18.635595 25.623032 42.192562 56.139267 19.657644 25.386349  4.924196 53.476723 39.903572 30.09828  39.89745  37.67036 ,1260.3159,35.500928409955,0.49812663,weighted48,48,0.21364280958513474
14.496837  38.195385  63.184986  55.090313  31.208368  48.46078 -4.9718747 60.02924   33.087933  11.186928  29.096191  29.690817 ,10126.72,100.63160401465584,0.7420699,weighted48,48,-0.2696947669649614
  7.3714895  39.843506   56.02785    76.85119    21.279129   39.237522 -16.23449    60.438103   43.611282   18.183813   41.87098    33.496742 ,18905.367,137.49678973525164,0.79384845,weighted48,48,0.0490795185970187
 12.960012  34.367577  52.902645  79.976776  18.079908  22.779285 -22.902382  58.09206   46.495415  25.512928  38.82285   41.323   ,19961.416,141.28487539586465,0.8034429,weighted48,48,0.10186577702031846
 -9.387675  50.873558  55.704174  88.009094  19.03278   31.80399 -13.00728   48.346447  59.94111   30.475763  44.69941   42.236076,23528.838,153.39112715742394,0.8020131,weighted48,48,0.1740397769788601
-8.038021  32.711857  47.76634   78.012596  10.378174  25.397976 -3.7121673 54.330215  52.473305  21.962543  39.70414   45.232815 ,1804.6718,42.4814283296794,0.54266137,weighted48,48,0.022401502663929013
-9.75467  28.471926 50.88075  67.97497   8.656825 28.271822  6.264018 46.66685  56.933914 34.34692  38.54233  61.880554,1033.2368,32.14400125071939,0.4440154,weighted48,48,0.3925871644303548
-14.832493   23.907873   43.791767   64.22576     5.9502025  26.330118   7.2886558  48.48409    62.598377   39.851696   43.593716   52.484722 ,564.8732,23.76706187101108,0.48125592,weighted48,48,0.20094056053621567
-15.458905  29.699434  50.02129   55.28516    7.296257  22.936747  12.60738   40.74821   50.19134   38.25951   42.12685   41.582947,2699.7239,51.9588671638742,0.6040462,weighted48,48,-0.14889993441493488
11.537927   17.448715   30.551659   54.86859     9.748771   10.3356495 -0.68714607 60.697124   56.35362    40.326378   47.943623   27.204388  ,787.0866,28.055063872440545,0.469305,weighted48,48,0.32114678649817896
13.158084 31.716238 36.214123 58.467113 25.932016  9.741892  2.144167 42.504574 36.020042 31.466072 57.53244  56.09966 ,18466.354,135.89096186143138,0.8026853,weighted48,48,0.3327880552152067
-16.09769   44.65961   53.892765  84.00012   26.534931  30.442314  -6.812093  65.4617    59.69791   22.404703  62.270912  47.260838,4174.727,64.61212773761014,0.5882021,weighted48,48,-0.2476419850539218
-3.2793593 19.728945  52.15037   68.29734   14.857872  42.2844 -2.8124495 55.838272  35.221813   8.845569  26.402182  30.616587 ,6157.768,78.47144745960948,0.72076315,weighted48,48,-0.1273658013818007
-15.996273  39.48386   63.92644   79.35461   18.067814  38.825405 -12.167694  65.875465  64.16832   30.90274   46.74256   46.830944,4237.594,65.09680666731087,0.59717995,weighted48,48,-0.2926225049074838
16.993608 29.888165 43.900333 66.05135  17.786417 26.854214 -3.6094 54.720367 44.754787 33.975235 47.38765  44.28162 ,6411.0884,80.06927237652563,0.69011694,weighted48,48,0.24319531893599028
  5.032606  41.626556  56.939976  85.5924    13.761559  40.082756 -18.36192   53.206997  51.134056  34.384113  42.6734    51.121147,19415.232,139.33855325025806,0.78237003,weighted48,48,0.07580071450591111
 27.643787  34.065807  41.588093  87.70567   24.612068  27.787336 -15.26901   60.67098   41.83368   30.771198  47.161125  58.3184  ,12505.411,111.82759557824936,0.7378721,weighted48,48,0.13688738271858658
 -1.025583   28.3871     44.339046   80.47052     5.4659834  25.593628 -13.871479   53.73304    67.94116    49.108624   57.381775   55.40054  ,1590.1271,39.87639747012401,0.46815434,weighted48,48,-0.3151574610078127
 27.009459  10.661349  42.027523  62.01406   12.191737  35.841103 -16.90501   47.81049   36.312683  45.2414    38.08952   50.500168,2541.1716,50.41003502140595,0.5870847,weighted48,48,0.33412762260427137
-7.6108303 34.529484  48.301033  60.167812  15.805161  17.172026  8.058881  34.945118  39.798687  25.300425  32.34537   42.3879   ,7769.7856,88.14638758639659,0.7462933,weighted48,48,-0.4290135621923329
 25.415596  19.818178  32.59286   75.82249   20.00929   12.391399 -10.353114  50.667564  36.29194   29.724522  50.361313  41.299446,12004.626,109.56562406413109,0.77036124,weighted48,48,-0.1679291396043725
 11.733011  37.405712  46.092953  72.32196   28.192253  22.340824 -10.204464  48.721497  39.600033  28.268534  52.195908  52.74908 ,16766.166,129.4842307604482,0.7796631,weighted48,48,-0.1614788625032385
14.7673235 32.728245  52.96991   59.259323  35.683712  24.519321 -1.6457782 53.964447  37.539333  21.600012  48.93472   42.581306 ,16175.578,127.18324624336336,0.7775085,weighted48,48,0.0598920070922636
28.0864    39.279205  39.002068  74.36388   41.003235  19.921093 -3.5054982 42.56287   22.467157  19.135004  60.161617  52.717796 ,17948.99,133.97384160490063,0.78385735,weighted48,48,-0.0653921936649825
17.698586  43.336464  38.313026  61.179783  35.95545   21.520004  6.6761103 41.227257  32.772602  21.061258  40.87136   40.2115   ,10241.642,101.20099605024892,0.7495062,weighted48,48,0.00442047328095535
 0.26849985 39.82       38.91371    46.04176    37.132656   43.04669  7.1624     52.90548    48.086212   20.214554   49.28039    29.694902  ,925.04095,30.41448593334833,0.42792198,weighted48,48,-0.22339828958513164
-10.630602   43.921837   69.66294    51.287476   39.507957   51.255623   4.1832385  56.033333   53.108273   17.130888   29.488281   13.702461 ,601.7354,24.53029581145845,0.447107,weighted48,48,-0.03019264194718188
-16.329254  41.97075   64.8754    53.101784  38.603424  61.97418   2.268837  56.6991    51.105522  13.936989  25.86649   12.480226,1611.8407,40.14773590430956,0.4835659,weighted48,48,0.5236322007410208
 -1.7532997  38.449257   51.81045    55.775368   20.853863   45.474705 -12.788125   68.47736    53.10973    22.932417   42.59026    24.516296 ,2277.974,47.72812714839909,0.5499479,weighted48,48,-0.10354388266014723
 3.6275842 31.978844  48.25637   66.7924    19.77168   45.681767 -7.3097186 59.64704   51.216797  18.791985  22.672745  19.671055 ,3280.5574,57.27615012417363,0.6249588,weighted48,48,-0.007413596677473239
 5.296243 31.503994 54.538795 62.36604  19.212328 31.690714 -3.075058 45.070297 41.722218 21.422295 29.350004 24.859245,10976.75,104.76998616015943,0.77247125,weighted48,48,-0.05007873050222386
-8.429625  44.46673   55.41717   63.868443  37.049427  54.367138 -2.4992085 51.77288   49.11273   12.9362955 31.677889  18.630445 ,9328.819,96.58581332647928,0.73404557,weighted48,48,0.10965729770862809
  4.7656784  38.240005   68.94517    63.064896   32.31054    46.95403 -10.397998   66.811554   53.949184   26.06506    40.86992    25.159094 ,2710.2095,52.05967222962751,0.54872745,weighted48,48,-0.10241867233158147
 7.9669275 39.035015  65.633965  54.403168  38.666576  52.97745  1.250001  52.791576  36.863125  17.143162  33.656673  23.776728 ,4075.5686,63.84018016512504,0.63077897,weighted48,48,-0.20310822759274244
 9.4616375 38.096363  67.24653   57.598713  45.878227  40.79492  3.9140322 56.788776  35.35095   16.533442  46.077503  33.077667 ,4409.7686,66.40608823509709,0.62908757,weighted48,48,0.01620670378248154
 7.37554    43.602318   61.94053    66.51044    36.48829    33.17339  0.83259785 53.548645   36.904884    5.518771   12.901424    2.4360242 ,6150.543,78.42539747269376,0.7171824,weighted48,48,0.38032809826640335
 1.7477038 50.884933  58.16963   55.80821   42.173462  48.859818 12.177978  51.582245  33.51521   12.102134  34.797874  22.1565   ,1636.444,40.45298468254923,0.50814223,weighted48,48,0.21030673030151184
-8.277944  43.07657   78.47486   46.100502  38.552166  52.05069 -1.506347  52.654118  39.9195    22.039684  17.070185   3.3024042,1577.8737,39.72245784473265,0.53479856,weighted48,48,0.1541388297154782
17.272911  41.803627  55.565582  52.094475  39.49544   47.854095 -0.8341801 46.765224  37.836594  35.068783  52.378593  33.089127 ,1950.0499,44.15936963723342,0.5190448,weighted48,48,0.051896839577335985
 8.549312 40.67068  51.14595  55.1633   34.567028 29.940727  7.731847 53.307316 31.819084 13.170179 39.193943 26.831562,8395.437,91.62661471121532,0.733476,weighted48,48,-0.03668884407494757
 8.279999   41.773335   67.884995   58.59951    43.88176    37.310654  0.18494444 56.859722   37.121193   17.764366   38.000626   29.445078  ,2110.8623,45.94412154658635,0.5323709,weighted48,48,-0.44534438367882606
17.144026  36.515305  55.92635   52.965332  39.711292  44.77678  3.4647467 57.646984  33.720005  20.85069   45.071552  38.695236 ,460.77866,21.46575542593037,0.31504685,weighted48,48,0.10170875157656097
24.967695 28.904596 48.91444  41.770443 36.43523  33.08945   8.945742 48.357407 24.839844 23.078821 43.495167 40.342632,2284.1758,47.79305160010187,0.5748198,weighted48,48,-0.026013410227982835
-12.972376  41.663296  59.143684  57.789715  29.50681   38.077335   8.141121  49.399513  51.243965  29.233307  46.844734  41.17819 ,779.5887,27.921115380335923,0.32714143,weighted48,48,-0.2801952484286486
-11.072002  32.041206  50.899475  57.673615  23.897875  34.598137  18.131586  46.1653    44.395206  29.16324   57.26983   58.54718 ,358.65125,18.93808979588985,0.38549295,weighted48,48,0.46021526793461454
-6.7513647 31.53686   52.616524  46.27269   34.471478  27.700972 17.582094  41.300297  40.592487  34.9873    56.23005   78.090935 ,433.6174,20.82348196443253,0.3425617,weighted48,48,0.6250716000941419
 6.400803 35.45986  49.57891  50.56971  42.133175 48.242134 13.909597 46.02526  21.397388  9.073186 38.47285  33.44566 ,3516.3728,59.29901181920636,0.6353931,weighted48,48,0.12113655674693459
14.946335  34.26564   54.459507  63.47747   27.963722  32.86945  7.5298533 53.438854  45.60755   35.180805  57.929867  57.082287 ,310.29526,17.615199617613175,0.3901583,weighted48,48,-0.30814893196195386
23.550882 26.005743 41.631104 39.325386 31.987389 28.198858 14.666327 46.605427 28.779047 23.48164  41.785275 33.072857,367.1361,19.16079613164436,0.34946755,weighted48,48,0.12557022363140594
-0.81784755 32.512913   58.12374    41.710346   34.451073   29.377508  9.283472   30.346476   34.34675    32.75967    51.552406   44.594376  ,547.2221,23.392778948504468,0.36977792,weighted48,48,-0.3186591400310378
27.022463 28.890802 44.08511  27.455519 43.67429  30.75633  14.323114 37.40127  12.036509 24.7366   50.575623 46.609337,198.28168,14.08125268738878,0.29427287,weighted48,48,0.09653880124068999
26.10748  30.892578 41.916233 33.16392  38.77761  12.871685 17.271944 43.690655 28.02794  31.074614 58.331417 33.101345,192.28954,13.866850237976212,0.27456498,weighted48,48,0.2551222217289708
