,timestamp,value
0,181801,58.1
1,181802,47.75
2,181803,45.96666667
3,181804,48.85
4,181805,56.78
5,181806,57.45
6,181807,55.92857143
7,181808,55.5125
8,181809,54.16666667
9,181810,54.03
10,181811,50.78181818
11,181812,50.13333333
12,181901,50.48461538
13,181902,49.35
14,181903,46.48
15,181904,45.68125
16,181905,44.91176471
17,181906,45.65555556
18,181907,46.01578947
19,181908,45.89
20,181909,44.88571429
21,181910,44.93181818
22,181911,44.79565217
23,181912,45.05
24,182001,44.528
25,182002,44.52307692
26,182003,43.15185185
27,182004,42.76428571
28,182005,42.97586207
29,182006,42.14
30,182007,41.88064516
31,182008,43.27096774
32,182009,40.90909091
33,182010,40.14411765
34,182011,39.37428571
35,182012,38.7
36,182101,38.62702703
37,182102,37.79473684
38,182103,37.06923077
39,182104,36.5225
40,182105,35.7
41,182106,34.92142857
42,182107,34.20930233
43,182108,33.61363636
44,182109,33.02888889
45,182110,32.99347826
46,182111,32.44680851
47,182112,31.77916667
48,182201,31.13061224
49,182202,30.538
50,182203,30.46666667
51,182204,30.29807692
52,182205,29.77169811
53,182206,29.39259259
54,182207,29.09818182
55,182208,28.63928571
56,182209,28.13684211
57,182210,27.66206897
58,182211,27.19322034
59,182212,26.74
60,182301,25.77166667
61,182302,25.14833333
62,182303,24.45833333
63,182304,23.5
64,182305,22.025
65,182306,21.01166667
66,182307,20.245
67,182308,19.36833333
68,182309,18.645
69,182310,17.765
70,182311,17.46
71,182312,17.31
72,182401,16.99833333
73,182402,16.72166667
74,182403,16.61666667
75,182404,16.59333333
76,182405,16.12666667
77,182406,15.155
78,182407,14.28
79,182408,13.59333333
80,182409,13.75166667
81,182410,13.68666667
82,182411,12.99
83,182412,12.165
84,182501,11.77166667
85,182502,11.46333333
86,182503,11.96166667
87,182504,11.52666667
88,182505,11.14166667
89,182506,11.27
90,182507,11.56
91,182508,11.555
92,182509,11.84833333
93,182510,12.03333333
94,182511,12.14
95,182512,12.5
96,182601,12.39
97,182602,12.77666667
98,182603,13.64
99,182604,14.05333333
100,182605,14.905
101,182606,15.88333333
102,182607,17.27
103,182608,18.23666667
104,182609,18.64166667
105,182610,19.525
106,182611,20.5
107,182612,22.38666667
108,182701,23.34833333
109,182702,24.64
110,182703,25.79666667
111,182704,26.71333333
112,182705,28.23666667
113,182706,29.655
114,182707,30.60833333
115,182708,32.04166667
116,182709,33.41833333
117,182710,34.96666667
118,182711,36.30666667
119,182712,37.58666667
120,182801,39.05333333
121,182802,40.84166667
122,182803,42.63333333
123,182804,44.33166667
124,182805,46.80833333
125,182806,49.53166667
126,182807,51.025
127,182808,53.14666667
128,182809,54.545
129,182810,56.06333333
130,182811,57.64666667
131,182812,58.38166667
132,182901,58.975
133,182902,60.04666667
134,182903,62.05666667
135,182904,64.15833333
136,182905,65.95333333
137,182906,68.00666667
138,182907,70.53166667
139,182908,72.64833333
140,182909,73.54333333
141,182910,74.43166667
142,182911,76.31
143,182912,77.855
144,183001,79.165
145,183002,80.735
146,183003,82.46166667
147,183004,85.31333333
148,183005,86.725
149,183006,88.105
150,183007,88.46666667
151,183008,89.16333333
152,183009,90.45
153,183010,92.36
154,183011,94.29
155,183012,95.95833333
156,183101,96.785
157,183102,97.675
158,183103,99.25
159,183104,100.0983333
160,183105,100.2566667
161,183106,100.155
162,183107,99.95333333
163,183108,100.38
164,183109,100.9066667
165,183110,100.785
166,183111,100.8966667
167,183112,99.80833333
168,183201,99.705
169,183202,99.93166667
170,183203,99.85833333
171,183204,99.32666667
172,183205,98.91166667
173,183206,98.08
174,183207,97.295
175,183208,96.05166667
176,183209,94.90333333
177,183210,93.93166667
178,183211,92.98833333
179,183212,92.47166667
180,183301,91.31666667
181,183302,89.94333333
182,183303,88.46166667
183,183304,86.84
184,183305,84.72166667
185,183306,82.02666667
186,183307,80.71333333
187,183308,78.75
188,183309,77.67333333
189,183310,76.36333333
190,183311,74.94333333
191,183312,73.91833333
192,183401,72.86166667
193,183402,71.99166667
194,183403,70.09
195,183404,67.49
196,183405,65.865
197,183406,64.03
198,183407,61.745
199,183408,59.7
200,183409,58.55333333
201,183410,57.65333333
202,183411,56.62333333
203,183412,56.01333333
204,183501,54.77
205,183502,53.44666667
206,183503,51.64166667
207,183504,50.39333333
208,183505,49.76166667
209,183506,48.875
210,183507,49.315
211,183508,49.54666667
212,183509,50.62333333
213,183510,50.92333333
214,183511,51.445
215,183512,51.32
216,183601,52.46333333
217,183602,54.06
218,183603,54.19166667
219,183604,56.64333333
220,183605,58.68166667
221,183606,61.22
222,183607,63.20666667
223,183608,64.67333333
224,183609,66.26166667
225,183610,68.79166667
226,183611,70.94166667
227,183612,75.86666667
228,183701,80.23166667
229,183702,83.565
230,183703,85.77166667
231,183704,88.86333333
232,183705,90.81666667
233,183706,94.465
234,183707,98.59666667
235,183708,102.075
236,183709,104.52
237,183710,107.37
238,183711,109.9466667
239,183712,112.785
240,183801,116.4983333
241,183802,118.4383333
242,183803,122.02
243,183804,125.4616667
244,183805,128.9266667
245,183806,131.525
246,183807,134.3383333
247,183808,136.3683333
248,183809,138.0916667
249,183810,140.4083333
250,183811,142.3983333
251,183812,144.3366667
252,183901,147.1316667
253,183902,149.4766667
254,183903,151.5266667
255,183904,153.2016667
256,183905,154.4483333
257,183906,155.75
258,183907,157.865
259,183908,161.4016667
260,183909,164.7666667
261,183910,166.6033333
262,183911,167.6666667
263,183912,168.4783333
264,184001,170.5283333
265,184002,172.285
266,184003,173.6216667
267,184004,173.745
268,184005,174.4583333
269,184006,174.8866667
270,184007,174.91
271,184008,174.875
272,184009,174.13
273,184010,173.015
274,184011,171.7433333
275,184012,171.08
276,184101,169.2883333
277,184102,167.13
278,184103,165.2283333
279,184104,162.3766667
280,184105,161.155
281,184106,159.2366667
282,184107,156.85
283,184108,154.9466667
284,184109,153.32
285,184110,150.295
286,184111,147.485
287,184112,142.835
288,184201,138.1783333
289,184202,133.915
290,184203,130.78
291,184204,127.69
292,184205,125.2783333
293,184206,121.4583333
294,184207,117.2883333
295,184208,114.3033333
296,184209,112.14
297,184210,109.7616667
298,184211,107.9133333
299,184212,104.8
300,184301,101.145
301,184302,98.88833333
302,184303,95.21166667
303,184304,91.95666667
304,184305,88.71833333
305,184306,86.385
306,184307,83.64333333
307,184308,81.78166667
308,184309,79.85166667
309,184310,77.475
310,184311,75.85
311,184312,73.98833333
312,184401,71.31833333
313,184402,68.88
314,184403,67.09666667
315,184404,65.95833333
316,184405,64.785
317,184406,63.36833333
318,184407,61.6
319,184408,58.615
320,184409,55.12333333
321,184410,53.19666667
322,184411,51.58333333
323,184412,50.41333333
324,184501,48.87
325,184502,47.64833333
326,184503,46.96833333
327,184504,46.72166667
328,184505,46.12666667
329,184506,45.64166667
330,184507,44.80833333
331,184508,44.1
332,184509,42.86666667
333,184510,42.46833333
334,184511,42.05666667
335,184512,42.22333333
336,184601,42.63166667
337,184602,43.215
338,184603,44.16333333
339,184604,44.97333333
340,184605,44.765
341,184606,45.025
342,184607,45.46
343,184608,45.89166667
344,184609,47.85333333
345,184610,48.62
346,184611,49.74833333
347,184612,50.48666667
348,184701,51.66
349,184702,52.295
350,184703,54.075
351,184704,54.57
352,184705,55.975
353,184706,57.775
354,184707,58.87666667
355,184708,62.04166667
356,184709,66.00166667
357,184710,69.95333333
358,184711,72.68666667
359,184712,75.24166667
360,184801,79.29166667
361,184802,82.3
362,184803,85.08833333
363,184804,87.80166667
364,184805,90.05833333
365,184806,93.34666667
366,184807,96.94833333
367,184808,100.3033333
368,184809,102.9766667
369,184810,106.505
370,184811,109.16
371,184812,113.2366667
372,184901,117.9466667
373,184902,121.71
374,184903,124.38
375,184904,127.0483333
376,184905,129.2816667
377,184906,131.7483333
378,184907,133.6316667
379,184908,135.1133333
380,184909,137.8866667
381,184910,139.55
382,184911,142.3883333
383,184912,144.86
384,185001,146.6166667
385,185002,148.2333333
386,185003,149.645
387,185004,149.4583333
388,185005,150.08
389,185006,151.4333333
390,185007,151.8216667
391,185008,152.8733333
392,185009,154.78
393,185010,155.8983333
394,185011,156.5383333
395,185012,156.8116667
396,185101,158.1266667
397,185102,160.0466667
398,185103,160.3183333
399,185104,160.1816667
400,185105,160.4983333
401,185106,160.6916667
402,185107,160.5433333
403,185108,160.8383333
404,185109,160.01
405,185110,160.4316667
406,185111,160.3683333
407,185112,160.8083333
408,185201,161.2333333
409,185202,162.0883333
410,185203,161.6416667
411,185204,162.47
412,185205,162.1133333
413,185206,161.2266667
414,185207,161.1083333
415,185208,158.4583333
416,185209,155.175
417,185210,152.2966667
418,185211,150.1566667
419,185212,148.5483333
420,185301,145.4266667
421,185302,143.6783333
422,185303,141.8516667
423,185304,140.3816667
424,185305,138.6383333
425,185306,136.3233333
426,185307,133.91
427,185308,131.825
428,185309,130.0983333
429,185310,127.7633333
430,185311,125.4916667
431,185312,121.8033333
432,185401,117.32
433,185402,113.7816667
434,185403,111.3933333
435,185404,108.9866667
436,185405,107.1933333
437,185406,105.2916667
438,185407,103.4133333
439,185408,101.7716667
440,185409,99.515
441,185410,97.655
442,185411,95.41
443,185412,93.02333333
444,185501,90.94333333
445,185502,88.47333333
446,185503,86.41
447,185504,85.15333333
448,185505,83.49166667
449,185506,81.44166667
450,185507,80.215
451,185508,78.36333333
452,185509,75.635
453,185510,73.69166667
454,185511,72.08833333
455,185512,70.25333333
456,185601,67.87833333
457,185602,64.69833333
458,185603,62.66333333
459,185604,61.08166667
460,185605,59.1
461,185606,57.26333333
462,185607,56.26666667
463,185608,54.63833333
464,185609,52.63
465,185610,50.79333333
466,185611,49.425
467,185612,47.395
468,185701,45.66333333
469,185702,43.79666667
470,185703,42.02666667
471,185704,40.30666667
472,185705,39.47166667
473,185706,38.49666667
474,185707,37.86666667
475,185708,37.145
476,185709,37.30166667
477,185710,36.455
478,185711,35.73
479,185712,35.47333333
480,185801,35.41166667
481,185802,35.15833333
482,185803,35.785
483,185804,35.49166667
484,185805,35.70333333
485,185806,35.845
486,185807,36.18666667
487,185808,36.33833333
488,185809,37.81333333
489,185810,39.35833333
490,185811,40.09
491,185812,41.465
492,185901,43.62666667
493,185902,45.76666667
494,185903,47.96833333
495,185904,49.845
496,185905,51.965
497,185906,54.05
498,185907,56.47
499,185908,59.35166667
500,185909,61.99
501,185910,65.21833333
502,185911,67.40333333
503,185912,69.28333333
504,186001,71.50333333
505,186002,73.94166667
506,186003,76.525
507,186004,78.64666667
508,186005,81.75
509,186006,85.02166667
510,186007,88.70833333
511,186008,91.785
512,186009,94.705
513,186010,97.25166667
514,186011,100.22
515,186012,103.1516667
516,186101,105.11
517,186102,107.4133333
518,186103,110.6016667
519,186104,113.5133333
520,186105,115.31
521,186106,117.9383333
522,186107,120.2616667
523,186108,122.685
524,186109,125.0766667
525,186110,127.0633333
526,186111,128.5183333
527,186112,130.8366667
528,186201,132.4016667
529,186202,134.205
530,186203,135.4166667
531,186204,136.7666667
532,186205,137.9033333
533,186206,140.0566667
534,186207,141.6783333
535,186208,143.1233333
536,186209,143.8866667
537,186210,143.9316667
538,186211,144.5383333
539,186212,144.6533333
540,186301,144.9466667
541,186302,145.6366667
542,186303,145.9166667
543,186304,145.9883333
544,186305,146.38
545,186306,146.265
546,186307,145.5033333
547,186308,145.2766667
548,186309,143.435
549,186310,141.81
550,186311,141.36
551,186312,140.545
552,186401,139.7233333
553,186402,138.4416667
554,186403,137.6816667
555,186404,136.1016667
556,186405,134.5066667
557,186406,133.585
558,186407,132.3033333
559,186408,130.655
560,186409,128.21
561,186410,125.6533333
562,186411,124.3983333
563,186412,122.7383333
564,186501,121.67
565,186502,120.115
566,186503,118.2316667
567,186504,116.9016667
568,186505,114.6033333
569,186506,112.2283333
570,186507,109.3766667
571,186508,107.3983333
572,186509,105.1616667
573,186510,102.8516667
574,186511,100.53
575,186512,97.90666667
576,186601,96.93166667
577,186602,95.68833333
578,186603,93.265
579,186604,90.705
580,186605,89.31833333
581,186606,87.05
582,186607,84.87333333
583,186608,82.665
584,186609,80.365
585,186610,78.68333333
586,186611,77.27
587,186612,74.77166667
588,186701,72.77333333
589,186702,70.75666667
590,186703,69.66833333
591,186704,68.12833333
592,186705,66.18
593,186706,63.565
594,186707,61.39833333
595,186708,59.57166667
596,186709,57.77666667
597,186710,56.87166667
598,186711,55.57333333
599,186712,55.07833333
600,186801,53.98
601,186802,52.62333333
602,186803,51.25666667
603,186804,50.99
604,186805,50.03
605,186806,49.6
606,186807,49.37166667
607,186808,48.805
608,186809,49.42166667
609,186810,49.87333333
610,186811,50.325
611,186812,50.90333333
612,186901,50.76833333
613,186902,50.94166667
614,186903,50.31
615,186904,50.315
616,186905,51.92
617,186906,53.1
618,186907,53.01666667
619,186908,53.49333333
620,186909,54.83166667
621,186910,55.40833333
622,186911,55.75666667
623,186912,57.75333333
624,187001,58.36166667
625,187002,60.31333333
626,187003,63.44166667
627,187004,66.95833333
628,187005,70.75833333
629,187006,73.46666667
630,187007,76.30166667
631,187008,79.38
632,187009,82.47666667
633,187010,86.00666667
634,187011,89.32833333
635,187012,92.535
636,187101,93.98833333
637,187102,96.25666667
638,187103,99.45833333
639,187104,103.415
640,187105,107.0483333
641,187106,109.0733333
642,187107,111.6433333
643,187108,114.3016667
644,187109,116.3016667
645,187110,118.33
646,187111,120.9716667
647,187112,123.4366667
648,187201,125.6483333
649,187202,128.9633333
650,187203,131.1316667
651,187204,133.81
652,187205,136.71
653,187206,139.7183333
654,187207,142.4933333
655,187208,144.925
656,187209,147.7983333
657,187210,150.2266667
658,187211,153.0383333
659,187212,154.5716667
660,187301,156.55
661,187302,159.085
662,187303,161.085
663,187304,162.185
664,187305,162.7766667
665,187306,163.16
666,187307,164.2166667
667,187308,165.1583333
668,187309,165.1583333
669,187310,164.755
670,187311,164.6516667
671,187312,164.1383333
672,187401,164.135
673,187402,164.255
674,187403,164.08
675,187404,163.8316667
676,187405,162.185
677,187406,160.2366667
678,187407,160.4766667
679,187408,159.97
680,187409,158.5083333
681,187410,157.815
682,187411,156.4483333
683,187412,154.36
684,187501,152.6166667
685,187502,150.02
686,187503,146.5816667
687,187504,142.9433333
688,187505,138.37
689,187506,135.2633333
690,187507,131.93
691,187508,128.0616667
692,187509,124.3483333
693,187510,120.6316667
694,187511,117.025
695,187512,113.6883333
696,187601,111.6333333
697,187602,108.5683333
698,187603,105.4416667
699,187604,100.9916667
700,187605,97.09
701,187606,94.58666667
702,187607,92.14833333
703,187608,89.33333333
704,187609,87.37833333
705,187610,85.30166667
706,187611,82.65
707,187612,80.36333333
708,187701,78.82833333
709,187702,75.73166667
710,187703,73.605
711,187704,71.20333333
712,187705,68.81333333
713,187706,66.15166667
714,187707,63.385
715,187708,60.97666667
716,187709,58.26
717,187710,55.59333333
718,187711,52.87333333
719,187712,50.6
720,187801,48.28166667
721,187802,45.49166667
722,187803,42.97666667
723,187804,40.86166667
724,187805,39.69333333
725,187806,38.625
726,187807,36.76666667
727,187808,34.87
728,187809,33.705
729,187810,32.42666667
730,187811,30.99833333
731,187812,29.64666667
732,187901,27.98333333
733,187902,26.21333333
734,187903,24.92166667
735,187904,24.20333333
736,187905,23.02666667
737,187906,22.09666667
738,187907,20.42
739,187908,19.01333333
740,187909,18.40166667
741,187910,17.785
742,187911,17.34666667
743,187912,16.73666667
744,188001,16.99833333
745,188002,17.15666667
746,188003,16.75166667
747,188004,16.48166667
748,188005,16.81333333
749,188006,17.09666667
750,188007,17.35666667
751,188008,18.28833333
752,188009,20.05666667
753,188010,20.89666667
754,188011,21.255
755,188012,21.80333333
756,188101,22.415
757,188102,23.47333333
758,188103,24.05166667
759,188104,25.42166667
760,188105,26.48833333
761,188106,28.12333333
762,188107,29.835
763,188108,31.21
764,188109,32.41
765,188110,33.8
766,188111,35.04833333
767,188112,36.135
768,188201,36.70833333
769,188202,38.39833333
770,188203,39.925
771,188204,42.14666667
772,188205,43.32666667
773,188206,44.19
774,188207,45.285
775,188208,46.235
776,188209,47.36833333
777,188210,48.825
778,188211,50.775
779,188212,51.87833333
780,188301,53.47
781,188302,54.59
782,188303,55.56
783,188304,57.83666667
784,188305,58.54666667
785,188306,60.48833333
786,188307,62.725
787,188308,64.00166667
788,188309,65.31833333
789,188310,67.61333333
790,188311,69.84666667
791,188312,71.94
792,188401,74.45666667
793,188402,76.855
794,188403,79.285
795,188404,81.22666667
796,188405,83.00833333
797,188406,84.29666667
798,188407,85.56166667
799,188408,86.815
800,188409,88.365
801,188410,89.35166667
802,188411,90.00166667
803,188412,91.10833333
804,188501,91.63
805,188502,92.86833333
806,188503,93.715
807,188504,94.70333333
808,188505,96.07833333
809,188506,97.455
810,188507,98.695
811,188508,98.74833333
812,188509,98.01333333
813,188510,97.89333333
814,188511,97.90166667
815,188512,97.68333333
816,188601,97.50333333
817,188602,96.74666667
818,188603,96.90833333
819,188604,96.68833333
820,188605,96.33333333
821,188606,95.40833333
822,188607,94.11166667
823,188608,92.95833333
824,188609,92.07666667
825,188610,90.52833333
826,188611,89.01333333
827,188612,88.06166667
828,188701,87.095
829,188702,85.53
830,188703,83.79
831,188704,81.32333333
832,188705,80.09833333
833,188706,79.27666667
834,188707,78.66333333
835,188708,78.13333333
836,188709,76.73833333
837,188710,75.27833333
838,188711,73.12666667
839,188712,72.54
840,188801,71.21
841,188802,70.10333333
842,188803,69.13333333
843,188804,66.995
844,188805,66.315
845,188806,64.39166667
846,188807,62.235
847,188808,61.035
848,188809,59.815
849,188810,57.545
850,188811,55.49666667
851,188812,53.57333333
852,188901,51.05166667
853,188902,48.875
854,188903,46.63
855,188904,44.63666667
856,188905,42.855
857,188906,41.61333333
858,188907,40.40166667
859,188908,39.42166667
860,188909,37.885
861,188910,36.615
862,188911,35.605
863,188912,34.48166667
864,189001,33.43833333
865,189002,31.46166667
866,189003,30.22166667
867,189004,28.73833333
868,189005,26.84333333
869,189006,24.555
870,189007,23.02833333
871,189008,21.87333333
872,189009,21.25
873,189010,20.485
874,189011,19.89
875,189012,19.50333333
876,189101,19.04833333
877,189102,18.94333333
878,189103,17.63833333
879,189104,16.99333333
880,189105,17.28166667
881,189106,17.86666667
882,189107,18.66
883,189108,19.11
884,189109,20.01
885,189110,21.20333333
886,189111,22.35666667
887,189112,22.9
888,189201,24.53666667
889,189202,26.27166667
890,189203,27.54166667
891,189204,29.28166667
892,189205,30.93666667
893,189206,32.62333333
894,189207,34.10166667
895,189208,36.32333333
896,189209,37.86166667
897,189210,39.63666667
898,189211,41.26
899,189212,42.86833333
900,189301,44.59833333
901,189302,46.42833333
902,189303,48.035
903,189304,50.34
904,189305,52.5
905,189306,54.8
906,189307,57.17666667
907,189308,60.69
908,189309,62.61166667
909,189310,64.77666667
910,189311,66.565
911,189312,68.98666667
912,189401,71.275
913,189402,73.38833333
914,189403,74.655
915,189404,76.8
916,189405,79.545
917,189406,82.11166667
918,189407,84.79333333
919,189408,86.17333333
920,189409,87.825
921,189410,89.86333333
922,189411,91.43
923,189412,92.91166667
924,189501,94.52166667
925,189502,96.37
926,189503,97.92166667
927,189504,100.0133333
928,189505,101.7566667
929,189506,103.705
930,189507,104.7116667
931,189508,106.39
932,189509,107.515
933,189510,109.0916667
934,189511,110.1366667
935,189512,111.8833333
936,189601,112.315
937,189602,113.295
938,189603,114.45
939,189604,115.0966667
940,189605,114.7233333
941,189606,114.745
942,189607,114.365
943,189608,114.2033333
944,189609,114.4116667
945,189610,113.7766667
946,189611,113.6683333
947,189612,113.9466667
948,189701,113.1533333
949,189702,111.8683333
950,189703,111.2916667
951,189704,110.22
952,189705,108.5633333
953,189706,106.7566667
954,189707,105.3983333
955,189708,103.1883333
956,189709,102.7833333
957,189710,101.2233333
958,189711,99.64166667
959,189712,98.38333333
960,189801,97.14
961,189802,96.125
962,189803,95.365
963,189804,93.32166667
964,189805,91.68333333
965,189806,89.805
966,189807,87.595
967,189808,84.87666667
968,189809,83.68
969,189810,82.41
970,189811,81.18333333
971,189812,78.92833333
972,189901,77.15833333
973,189902,75.06333333
974,189903,74.11666667
975,189904,72.24333333
976,189905,69.64666667
977,189906,67.46833333
978,189907,64.89833333
979,189908,63.02833333
980,189909,61.42833333
981,189910,59.695
982,189911,58.34
983,189912,56.965
984,190001,55.47
985,190002,53.98333333
986,190003,52.53
987,190004,50.84
988,190005,49.38666667
989,190006,47.73666667
990,190007,46.64
991,190008,44.84333333
992,190009,43.47333333
993,190010,41.94666667
994,190011,40.76166667
995,190012,38.805
996,190101,38.005
997,190102,36.47666667
998,190103,35.15833333
999,190104,33.94166667
1000,190105,33.45666667
1001,190106,32.25666667
1002,190107,31.02333333
1003,190108,30.295
1004,190109,28.60666667
1005,190110,27.91333333
1006,190111,26.965
1007,190112,25.78166667
1008,190201,24.81
1009,190202,23.99333333
1010,190203,23.52666667
1011,190204,22.665
1012,190205,22.18833333
1013,190206,21.91333333
1014,190207,21.17
1015,190208,20.62666667
1016,190209,19.49666667
1017,190210,19.55166667
1018,190211,19.605
1019,190212,18.71
1020,190301,18.10166667
1021,190302,17.56333333
1022,190303,16.87333333
1023,190304,17.195
1024,190305,16.88333333
1025,190306,16.71833333
1026,190307,17.24166667
1027,190308,17.17
1028,190309,16.51
1029,190310,16.63833333
1030,190311,17.015
1031,190312,17.93333333
1032,190401,18.27
1033,190402,18.695
1034,190403,19.22166667
1035,190404,20.02166667
1036,190405,20.90166667
1037,190406,21.49666667
1038,190407,22.52666667
1039,190408,24.06333333
1040,190409,24.66666667
1041,190410,25.81166667
1042,190411,26.65166667
1043,190412,27.87666667
1044,190501,29.135
1045,190502,31.13833333
1046,190503,32.47
1047,190504,33.115
1048,190505,34.025
1049,190506,35.05
1050,190507,36.845
1051,190508,38.36166667
1052,190509,39.66
1053,190510,41.48666667
1054,190511,44.34
1055,190512,45.87333333
1056,190601,47.13
1057,190602,47.935
1058,190603,49.60166667
1059,190604,51.13833333
1060,190605,52.45833333
1061,190606,54.05166667
1062,190607,56.91
1063,190608,58.20833333
1064,190609,59.75166667
1065,190610,60.14166667
1066,190611,61.115
1067,190612,62.915
1068,190701,64.88333333
1069,190702,67.88833333
1070,190703,69.22833333
1071,190704,70.68833333
1072,190705,71.8
1073,190706,72.88
1074,190707,74.23666667
1075,190708,75.68166667
1076,190709,77.83333333
1077,190710,79.19833333
1078,190711,80.62
1079,190712,81.905
1080,190801,82.76333333
1081,190802,83.23333333
1082,190803,83.65666667
1083,190804,84.53333333
1084,190805,85.26166667
1085,190806,86.145
1086,190807,86.46833333
1087,190808,88.18333333
1088,190809,90.29
1089,190810,90.10833333
1090,190811,90.13666667
1091,190812,89.965
1092,190901,90.665
1093,190902,91.27833333
1094,190903,92.08833333
1095,190904,91.79
1096,190905,91.695
1097,190906,91.16166667
1098,190907,90.75
1099,190908,89.77333333
1100,190909,90.015
1101,190910,90.13166667
1102,190911,90.625
1103,190912,90.61
1104,191001,89.82333333
1105,191002,88.315
1106,191003,87.33833333
1107,191004,86.48166667
1108,191005,85.765
1109,191006,84.74666667
1110,191007,83.11166667
1111,191008,81.79833333
1112,191009,80.99666667
1113,191010,79.875
1114,191011,77.035
1115,191012,75.65333333
1116,191101,74.48333333
1117,191102,73.86166667
1118,191103,72.28833333
1119,191104,71.21166667
1120,191105,69.86
1121,191106,68.16666667
1122,191107,65.38666667
1123,191108,64.17166667
1124,191109,62.725
1125,191110,62.305
1126,191111,61.34166667
1127,191112,59.60333333
1128,191201,57.48666667
1129,191202,54.48166667
1130,191203,52.93333333
1131,191204,51.6
1132,191205,50.53333333
1133,191206,49.52833333
1134,191207,48.22833333
1135,191208,46.72833333
1136,191209,44.63166667
1137,191210,42.94
1138,191211,41.26333333
1139,191212,40.125
1140,191301,39.09833333
1141,191302,38.235
1142,191303,37.45
1143,191304,35.875
1144,191305,34.74166667
1145,191306,33.405
1146,191307,32.35666667
1147,191308,29.84833333
1148,191309,27.46666667
1149,191310,26.655
1150,191311,25.41
1151,191312,24.41666667
1152,191401,22.91833333
1153,191402,21.69833333
1154,191403,19.945
1155,191404,19.53166667
1156,191405,18.67666667
1157,191406,18.365
1158,191407,17.52333333
1159,191408,17.09666667
1160,191409,16.37166667
1161,191410,14.97666667
1162,191411,13.88166667
1163,191412,13
1164,191501,12.90833333
1165,191502,13.20666667
1166,191503,13.69166667
1167,191504,14.605
1168,191505,14.90833333
1169,191506,16.47833333
1170,191507,18.07666667
1171,191508,19.68833333
1172,191509,20.33333333
1173,191510,20.75333333
1174,191511,21.79666667
1175,191512,22.595
1176,191601,23.76
1177,191602,25.05
1178,191603,26.695
1179,191604,28.23166667
1180,191605,30.04666667
1181,191606,31.86666667
1182,191607,33.25666667
1183,191608,34.12166667
1184,191609,35.26166667
1185,191610,36.595
1186,191611,38.30333333
1187,191612,39.71333333
1188,191701,41.78166667
1189,191702,43.78
1190,191703,46.27666667
1191,191704,48.22666667
1192,191705,51.27333333
1193,191706,54.34833333
1194,191707,57.595
1195,191708,61.88166667
1196,191709,65.21
1197,191710,67.08833333
1198,191711,69.735
1199,191712,73.15
1200,191801,75.75333333
1201,191802,77.485
1202,191803,79.47833333
1203,191804,81.68666667
1204,191805,83.81833333
1205,191806,85.46833333
1206,191807,88.41166667
1207,191808,91.23166667
1208,191809,93.41833333
1209,191810,95.69333333
1210,191811,97.99
1211,191812,99.52666667
1212,191901,100.785
1213,191902,102.92
1214,191903,104.68
1215,191904,105.6366667
1216,191905,107.94
1217,191906,110.71
1218,191907,112.355
1219,191908,114.0583333
1220,191909,115.2233333
1221,191910,116.4616667
1222,191911,117.1716667
1223,191912,117.5166667
1224,192001,118.2966667
1225,192002,118.62
1226,192003,119.4883333
1227,192004,118.7516667
1228,192005,118.7566667
1229,192006,117.9216667
1230,192007,116.6933333
1231,192008,115.2916667
1232,192009,114.9266667
1233,192010,114.82
1234,192011,114.3933333
1235,192012,114.265
1236,192101,113.8816667
1237,192102,113.1266667
1238,192103,112.0066667
1239,192104,110.91
1240,192105,109.46
1241,192106,108.515
1242,192107,108.1883333
1243,192108,107.845
1244,192109,107.0866667
1245,192110,106.1833333
1246,192111,104.8516667
1247,192112,103.945
1248,192201,102.1983333
1249,192202,100.9316667
1250,192203,99.82
1251,192204,98.04833333
1252,192205,95.10166667
1253,192206,92.075
1254,192207,89.05166667
1255,192208,84.93833333
1256,192209,81.475
1257,192210,79.64333333
1258,192211,77.16833333
1259,192212,74.06
1260,192301,71.51833333
1261,192302,69.74833333
1262,192303,67.83333333
1263,192304,65.76833333
1264,192305,63.725
1265,192306,62.33
1266,192307,59.43666667
1267,192308,56.62333333
1268,192309,54.77166667
1269,192310,52.735
1270,192311,50.69666667
1271,192312,49.13166667
1272,192401,47.80833333
1273,192402,45.74166667
1274,192403,43.94333333
1275,192404,42.82
1276,192405,40.94833333
1277,192406,38.52666667
1278,192407,37.51166667
1279,192408,36.12833333
1280,192409,35.30833333
1281,192410,34.55166667
1282,192411,34.01166667
1283,192412,33.50333333
1284,192501,32.23333333
1285,192502,31.38
1286,192503,29.93166667
1287,192504,30.40333333
1288,192505,30.67
1289,192506,30.91166667
1290,192507,31.22
1291,192508,31.74333333
1292,192509,32.40666667
1293,192510,32.95
1294,192511,33.82166667
1295,192512,35.73166667
1296,192601,36.85166667
1297,192602,38.00666667
1298,192603,39.00166667
1299,192604,39.17166667
1300,192605,40.33833333
1301,192606,41.44166667
1302,192607,41.73333333
1303,192608,42.81166667
1304,192609,44.00833333
1305,192610,45.49166667
1306,192611,46.67833333
1307,192612,48.32
1308,192701,50.25833333
1309,192702,52.11166667
1310,192703,52.525
1311,192704,54.81666667
1312,192705,56.79166667
1313,192706,58.27
1314,192707,59.49166667
1315,192708,60.80333333
1316,192709,62.575
1317,192710,64.155
1318,192711,65.82
1319,192712,66.59166667
1320,192801,68.78666667
1321,192802,70.785
1322,192803,73.06666667
1323,192804,75.135
1324,192805,77.185
1325,192806,79.47
1326,192807,82.095
1327,192808,84.40833333
1328,192809,86.53333333
1329,192810,87.91333333
1330,192811,89.03333333
1331,192812,90.595
1332,192901,92.495
1333,192902,94.09833333
1334,192903,95.445
1335,192904,96.595
1336,192905,97.635
1337,192906,98.96666667
1338,192907,100.1366667
1339,192908,101.4283333
1340,192909,101.685
1341,192910,102.4766667
1342,192911,104.1033333
1343,192912,106.6433333
1344,193001,108.305
1345,193002,109.0466667
1346,193003,109.52
1347,193004,109.6983333
1348,193005,109.5316667
1349,193006,109.0133333
1350,193007,108.5516667
1351,193008,108.1883333
1352,193009,107.4083333
1353,193010,106.44
1354,193011,105.8033333
1355,193012,103.78
1356,193101,102.1916667
1357,193102,101.4483333
1358,193103,100.5466667
1359,193104,100.3433333
1360,193105,99.24
1361,193106,97.625
1362,193107,96.655
1363,193108,95.30333333
1364,193109,94.14166667
1365,193110,92.43
1366,193111,91.27
1367,193112,89.55833333
1368,193201,87.62666667
1369,193202,85.335
1370,193203,83.71333333
1371,193204,81.42833333
1372,193205,79.725
1373,193206,78.69833333
1374,193207,77.43833333
1375,193208,76.13333333
1376,193209,74.34166667
1377,193210,72.835
1378,193211,71.195
1379,193212,70.24833333
1380,193301,68.26833333
1381,193302,66.84333333
1382,193303,64.75
1383,193304,62.59333333
1384,193305,60.54333333
1385,193306,58.14833333
1386,193307,55.50333333
1387,193308,53.18333333
1388,193309,50.83166667
1389,193310,49.21
1390,193311,47.82833333
1391,193312,46.19666667
1392,193401,44.37833333
1393,193402,42.84833333
1394,193403,41.57166667
1395,193404,40.42
1396,193405,39.35166667
1397,193406,37.54
1398,193407,35.84333333
1399,193408,34.24833333
1400,193409,33.405
1401,193410,32.06166667
1402,193411,30.05166667
1403,193412,27.48166667
1404,193501,26.18666667
1405,193502,25.37
1406,193503,25.03833333
1407,193504,24.31666667
1408,193505,24.05
1409,193506,24.52
1410,193507,24.85333333
1411,193508,24.99833333
1412,193509,25.275
1413,193510,25.8
1414,193511,26.59333333
1415,193512,27.585
1416,193601,28.92333333
1417,193602,29.79166667
1418,193603,31.09666667
1419,193604,32.31
1420,193605,33.145
1421,193606,34.665
1422,193607,35.635
1423,193608,37.69166667
1424,193609,39.275
1425,193610,41.46833333
1426,193611,44.15333333
1427,193612,47.085
1428,193701,50.43166667
1429,193702,53.70666667
1430,193703,55.72166667
1431,193704,58.44666667
1432,193705,61.19166667
1433,193706,64.195
1434,193707,67.95833333
1435,193708,71.595
1436,193709,74.28333333
1437,193710,77.50666667
1438,193711,79.34333333
1439,193712,81.5
1440,193801,83.89333333
1441,193802,86.58833333
1442,193803,88.71166667
1443,193804,91.43666667
1444,193805,94.88666667
1445,193806,97.45166667
1446,193807,101.9666667
1447,193808,105.1733333
1448,193809,107.52
1449,193810,110.1916667
1450,193811,113.5683333
1451,193812,116.14
1452,193901,118.2766667
1453,193902,120.2116667
1454,193903,121.8883333
1455,193904,124.6066667
1456,193905,127.3466667
1457,193906,129.965
1458,193907,132.42
1459,193908,135.1266667
1460,193909,138.1433333
1461,193910,140.4333333
1462,193911,142.0866667
1463,193912,142.8283333
1464,194001,143.7116667
1465,194002,144.795
1466,194003,146.4683333
1467,194004,147.8133333
1468,194005,148.5666667
1469,194006,149.6266667
1470,194007,150.56
1471,194008,152.655
1472,194009,153.3333333
1473,194010,153.38
1474,194011,153.22
1475,194012,153.4083333
1476,194101,152.9316667
1477,194102,152.105
1478,194103,151.2566667
1479,194104,150.0866667
1480,194105,149.3883333
1481,194106,149.1033333
1482,194107,149.5066667
1483,194108,148.7583333
1484,194109,148.4766667
1485,194110,147.2933333
1486,194111,145.155
1487,194112,142.665
1488,194201,139.975
1489,194202,137.8716667
1490,194203,137.05
1491,194204,135.7
1492,194205,133.1566667
1493,194206,129.8533333
1494,194207,126.3166667
1495,194208,123.0533333
1496,194209,120.7333333
1497,194210,117.7966667
1498,194211,116.5866667
1499,194212,114.7483333
1500,194301,112.36
1501,194302,109.8516667
1502,194303,108.21
1503,194304,106.1283333
1504,194305,102.9833333
1505,194306,100.485
1506,194307,96.25833333
1507,194308,93.58333333
1508,194309,91.37333333
1509,194310,88.835
1510,194311,85.725
1511,194312,83.67
1512,194401,81.54
1513,194402,79.40333333
1514,194403,77.91166667
1515,194404,74.88666667
1516,194405,71.66666667
1517,194406,68.99833333
1518,194407,66.43
1519,194408,63.95666667
1520,194409,61.22333333
1521,194410,59.24333333
1522,194411,57.64666667
1523,194412,57.26666667
1524,194501,56.37833333
1525,194502,55.08
1526,194503,53.36333333
1527,194504,52.56833333
1528,194505,51.90833333
1529,194506,50.58166667
1530,194507,49.89
1531,194508,47.67666667
1532,194509,46.79833333
1533,194510,47.18166667
1534,194511,46.835
1535,194512,45.7
1536,194601,45.75333333
1537,194602,46.91166667
1538,194603,47.74833333
1539,194604,48.94
1540,194605,50.48333333
1541,194606,50.86666667
1542,194607,52.23833333
1543,194608,53.54833333
1544,194609,54.34166667
1545,194610,55.89666667
1546,194611,58.26833333
1547,194612,60.71333333
1548,194701,62.45
1549,194702,64.13333333
1550,194703,65.69
1551,194704,67.53833333
1552,194705,71.59166667
1553,194706,75.145
1554,194707,78.37666667
1555,194708,82.27166667
1556,194709,85.79166667
1557,194710,89.12
1558,194711,91.28666667
1559,194712,93.40833333
1560,194801,95.62333333
1561,194802,96.855
1562,194803,98.33166667
1563,194804,102.0816667
1564,194805,105.795
1565,194806,109.5416667
1566,194807,112.5316667
1567,194808,115.7216667
1568,194809,118.825
1569,194810,121.8233333
1570,194811,123.8
1571,194812,126.5316667
1572,194901,129.24
1573,194902,133.5266667
1574,194903,136.9383333
1575,194904,140.4
1576,194905,142.8383333
1577,194906,145.575
1578,194907,148.405
1579,194908,150.8616667
1580,194909,153.8966667
1581,194910,156.5333333
1582,194911,159.6216667
1583,194912,161.6083333
1584,195001,163.4933333
1585,195002,165.3783333
1586,195003,167.37
1587,195004,169.1566667
1588,195005,170.815
1589,195006,171.7833333
1590,195007,172.7483333
1591,195008,174.04
1592,195009,174.2833333
1593,195010,173.825
1594,195011,173.8433333
1595,195012,174.36
1596,195101,174.455
1597,195102,173.4716667
1598,195103,172.665
1599,195104,172.7583333
1600,195105,172.96
1601,195106,173.29
1602,195107,171.515
1603,195108,169.9783333
1604,195109,169.3166667
1605,195110,167.6966667
1606,195111,165.495
1607,195112,163.1966667
1608,195201,161.4333333
1609,195202,158.825
1610,195203,156.2866667
1611,195204,153.4466667
1612,195205,149.2566667
1613,195206,146.255
1614,195207,143.465
1615,195208,140.305
1616,195209,136.98
1617,195210,133.6883333
1618,195211,131.1966667
1619,195212,129.2633333
1620,195301,127.335
1621,195302,125.4
1622,195303,123.4066667
1623,195304,119.5916667
1624,195305,115.79
1625,195306,112.3566667
1626,195307,109.2116667
1627,195308,106.0433333
1628,195309,103.1283333
1629,195310,100.1183333
1630,195311,97.9
1631,195312,94.71
1632,195401,91.90666667
1633,195402,87.62
1634,195403,84.16666667
1635,195404,80.74333333
1636,195405,78.25666667
1637,195406,75.39
1638,195407,72.54
1639,195408,69.82833333
1640,195409,66.43666667
1641,195410,63.50666667
1642,195411,60.34333333
1643,195412,57.755
1644,195501,55.91333333
1645,195502,54.17333333
1646,195503,51.705
1647,195504,49.30166667
1648,195505,47.48166667
1649,195506,46.26333333
1650,195507,44.75166667
1651,195508,43.70833333
1652,195509,43.51
1653,195510,43.44333333
1654,195511,44.25333333
1655,195512,44.78833333
1656,195601,45.10666667
1657,195602,46.62
1658,195603,48.09333333
1659,195604,48.51
1660,195605,49.17166667
1661,195606,49.55
1662,195607,51.14166667
1663,195608,53.70333333
1664,195609,55.83166667
1665,195610,58.275
1666,195611,61.78833333
1667,195612,65.23833333
1668,195701,68.16833333
1669,195702,70.70333333
1670,195703,73.89166667
1671,195704,77.33
1672,195705,80.65333333
1673,195706,84.525
1674,195707,88.00833333
1675,195708,90.44
1676,195709,95.33333333
1677,195710,100.7533333
1678,195711,105.2
1679,195712,110.035
1680,195801,114.1816667
1681,195802,117.9766667
1682,195803,122.2316667
1683,195804,126.1983333
1684,195805,130.03
1685,195806,133.5533333
1686,195807,137.8583333
1687,195808,142.0233333
1688,195809,146.3083333
1689,195810,150.385
1690,195811,153.9366667
1691,195812,158.3
1692,195901,163.4216667
1693,195902,166.785
1694,195903,170.905
1695,195904,174.715
1696,195905,178.755
1697,195906,182.73
1698,195907,186.14
1699,195908,190.64
1700,195909,194.0283333
1701,195910,196.4816667
1702,195911,199.185
1703,195912,201.9483333
1704,196001,204.845
1705,196002,206.845
1706,196003,209.1333333
1707,196004,211.7383333
1708,196005,213.8716667
1709,196006,215.7183333
1710,196007,217.955
1711,196008,220.155
1712,196009,222.1433333
1713,196010,222.715
1714,196011,222.725
1715,196012,222.9316667
1716,196101,222.565
1717,196102,220.7283333
1718,196103,219.1866667
1719,196104,218.0233333
1720,196105,216.005
1721,196106,215.0783333
1722,196107,213.6883333
1723,196108,211.005
1724,196109,208.4166667
1725,196110,205.6466667
1726,196111,201.6716667
1727,196112,198.0866667
1728,196201,195.11
1729,196202,193.23
1730,196203,190.5983333
1731,196204,187.5633333
1732,196205,184.7116667
1733,196206,180.9666667
1734,196207,177.0716667
1735,196208,173.8683333
1736,196209,169.5133333
1737,196210,164.4583333
1738,196211,160.1283333
1739,196212,155.0316667
1740,196301,150.7316667
1741,196302,147.425
1742,196303,143.3383333
1743,196304,139.4066667
1744,196305,136.2883333
1745,196306,133.0933333
1746,196307,129.055
1747,196308,125.1216667
1748,196309,121.29
1749,196310,117.8433333
1750,196311,114.8116667
1751,196312,110.7433333
1752,196401,105.9916667
1753,196402,103.0366667
1754,196403,99.055
1755,196404,95.415
1756,196405,91.59333333
1757,196406,87.83666667
1758,196407,84.385
1759,196408,79.905
1760,196409,76.595
1761,196410,74.12
1762,196411,71.37833333
1763,196412,68.795
1764,196501,65.765
1765,196502,63.61333333
1766,196503,61.495
1767,196504,58.78666667
1768,196505,56.54
1769,196506,54.32833333
1770,196507,51.74333333
1771,196508,48.79833333
1772,196509,46.205
1773,196510,44.735
1774,196511,43
1775,196512,41.39166667
1776,196601,40.695
1777,196602,40.19333333
1778,196603,39.54666667
1779,196604,39.24833333
1780,196605,39.11333333
1781,196606,38.41666667
1782,196607,38.09833333
1783,196608,37.98833333
1784,196609,37.67166667
1785,196610,38.13
1786,196611,38.705
1787,196612,39.42
1788,196701,41.11833333
1789,196702,42.13333333
1790,196703,43.69
1791,196704,44.23166667
1792,196705,45.24166667
1793,196706,45.83833333
1794,196707,47.47333333
1795,196708,49.47833333
1796,196709,50.07833333
1797,196710,51.22666667
1798,196711,52.80666667
1799,196712,55.23666667
1800,196801,57.63333333
1801,196802,59.68833333
1802,196803,61.45
1803,196804,62.67166667
1804,196805,64.65333333
1805,196806,66.40333333
1806,196807,68.195
1807,196808,69.98333333
1808,196809,71.83
1809,196810,73.53666667
1810,196811,75.00333333
1811,196812,77.235
1812,196901,79.32166667
1813,196902,81.74166667
1814,196903,84.545
1815,196904,86.84833333
1816,196905,89.44166667
1817,196906,91.71833333
1818,196907,93.92333333
1819,196908,96.00666667
1820,196909,98.045
1821,196910,100.1483333
1822,196911,102.17
1823,196912,104.1116667
1824,197001,106.32
1825,197002,108.9866667
1826,197003,111.1233333
1827,197004,113.5383333
1828,197005,115.9716667
1829,197006,118.105
1830,197007,120.4716667
1831,197008,122.445
1832,197009,124.3833333
1833,197010,125.9416667
1834,197011,127.8083333
1835,197012,129.3666667
1836,197101,130.8483333
1837,197102,132.1233333
1838,197103,132.9483333
1839,197104,133.4916667
1840,197105,133.78
1841,197106,133.83
1842,197107,134.405
1843,197108,134.645
1844,197109,134.6483333
1845,197110,134.5183333
1846,197111,134.66
1847,197112,134.9383333
1848,197201,133.7716667
1849,197202,133.65
1850,197203,132.9033333
1851,197204,132.7566667
1852,197205,132.6133333
1853,197206,133.1016667
1854,197207,132.7483333
1855,197208,132.0333333
1856,197209,131.7333333
1857,197210,131.0983333
1858,197211,129.8583333
1859,197212,127.9466667
1860,197301,126.1016667
1861,197302,124.475
1862,197303,123.39
1863,197304,122.8366667
1864,197305,120.8416667
1865,197306,119.1733333
1866,197307,117.4566667
1867,197308,115.4866667
1868,197309,114.1216667
1869,197310,112.3083333
1870,197311,110.8516667
1871,197312,108.815
1872,197401,107.0083333
1873,197402,104.7883333
1874,197403,102.0983333
1875,197404,100.5383333
1876,197405,98.645
1877,197406,97.00166667
1878,197407,96.035
1879,197408,94.52
1880,197409,93.31833333
1881,197410,92.18166667
1882,197411,90.57333333
1883,197412,88.75666667
1884,197501,86.58
1885,197502,83.845
1886,197503,81.69833333
1887,197504,79.24166667
1888,197505,76.45166667
1889,197506,74.20833333
1890,197507,72.22666667
1891,197508,70.97666667
1892,197509,68.96833333
1893,197510,67.15166667
1894,197511,65.37
1895,197512,63.59333333
1896,197601,61.63833333
1897,197602,59.88166667
1898,197603,58.975
1899,197604,57.73666667
1900,197605,56.68166667
1901,197606,55.80166667
1902,197607,53.93833333
1903,197608,52.89
1904,197609,52.035
1905,197610,51.30666667
1906,197611,49.94666667
1907,197612,48.37666667
1908,197701,47.32333333
1909,197702,45.79
1910,197703,44.115
1911,197704,42.93833333
1912,197705,41.49
1913,197706,40.32666667
1914,197707,39.03166667
1915,197708,37.93333333
1916,197709,37.46166667
1917,197710,37.04833333
1918,197711,36.755
1919,197712,36.70666667
1920,197801,36.905
1921,197802,38.1
1922,197803,38.81666667
1923,197804,39.80666667
1924,197805,40.75333333
1925,197806,42.06166667
1926,197807,43.17
1927,197808,43.93333333
1928,197809,45.79333333
1929,197810,48.01666667
1930,197811,49.75333333
1931,197812,52.09666667
1932,197901,55.37166667
1933,197902,57.995
1934,197903,60.735
1935,197904,62.17166667
1936,197905,64.405
1937,197906,67.075
1938,197907,69.51833333
1939,197908,72.07666667
1940,197909,75.57166667
1941,197910,78.845
1942,197911,82.57166667
1943,197912,86.23833333
1944,198001,89.55166667
1945,198002,92.93
1946,198003,95.62666667
1947,198004,99.36833333
1948,198005,103.395
1949,198006,106.8283333
1950,198007,109.37
1951,198008,111.62
1952,198009,114.9416667
1953,198010,118.6033333
1954,198011,121.63
1955,198012,125.5516667
1956,198101,127.9633333
1957,198102,131.0216667
1958,198103,133.7733333
1959,198104,137.0733333
1960,198105,140.015
1961,198106,141.91
1962,198107,145.2833333
1963,198108,148.9233333
1964,198109,152.6783333
1965,198110,155.7866667
1966,198111,158.755
1967,198112,161.64
1968,198201,163.74
1969,198202,167.0333333
1970,198203,170.5016667
1971,198204,173.0233333
1972,198205,174.5616667
1973,198206,176.375
1974,198207,178.1883333
1975,198208,180.17
1976,198209,181.92
1977,198210,183.1233333
1978,198211,184.555
1979,198212,186.3483333
1980,198301,187.045
1981,198302,186.0533333
1982,198303,185.725
1983,198304,185.1983333
1984,198305,185.455
1985,198306,185.4033333
1986,198307,185.5566667
1987,198308,185.7833333
1988,198309,183.6866667
1989,198310,181.9433333
1990,198311,180.3966667
1991,198312,178.2583333
1992,198401,175.5733333
1993,198402,174.165
1994,198403,172.855
1995,198404,171.9666667
1996,198405,170.41
1997,198406,167.9666667
1998,198407,165.1333333
1999,198408,162.36
2000,198409,158.2883333
2001,198410,154.105
2002,198411,150.2216667
2003,198412,146.4183333
2004,198501,142.9466667
2005,198502,139.635
2006,198503,136.9383333
2007,198504,133.4083333
2008,198505,129.7033333
2009,198506,126.4633333
2010,198507,123.9133333
2011,198508,120.8866667
2012,198509,117.2983333
2013,198510,113.7766667
2014,198511,110.5833333
2015,198512,106.7316667
2016,198601,104.1683333
2017,198602,101.4683333
2018,198603,98.42166667
2019,198604,95.04
2020,198605,92.06333333
2021,198606,89.88
2022,198607,86.76
2023,198608,82.88333333
2024,198609,78.88
2025,198610,75.945
2026,198611,73.10166667
2027,198612,69.94166667
2028,198701,67.60833333
2029,198702,63.81666667
2030,198703,60.42166667
2031,198704,58.35
2032,198705,57.01333333
2033,198706,54.59833333
2034,198707,52.91166667
2035,198708,51.01166667
2036,198709,48.925
2037,198710,47.74333333
2038,198711,46.43166667
2039,198712,44.1
2040,198801,43.35
2041,198802,42.88833333
2042,198803,42.93
2043,198804,42.91666667
2044,198805,41.945
2045,198806,41.825
2046,198807,42.2
2047,198808,42.92333333
2048,198809,44.13666667
2049,198810,45.53666667
2050,198811,47.38833333
2051,198812,50.48166667
2052,198901,52.73666667
2053,198902,54.37833333
2054,198903,55.27333333
2055,198904,56.53833333
2056,198905,58.18
2057,198906,61.83666667
2058,198907,63.91666667
2059,198908,67.2
2060,198909,70.575
2061,198910,73.90166667
2062,198911,77.43
2063,198912,80.59666667
2064,199001,84.09
2065,199002,86.60833333
2066,199003,89.52166667
2067,199004,92.34333333
2068,199005,94.72333333
2069,199006,96.80666667
2070,199007,99.32666667
2071,199008,103.36
2072,199009,106.1066667
2073,199010,109.0633333
2074,199011,111.745
2075,199012,114.7666667
2076,199101,117.975
2077,199102,121.515
2078,199103,124.5683333
2079,199104,127.4883333
2080,199105,130.0016667
2081,199106,133.7366667
2082,199107,137.4383333
2083,199108,141.2866667
2084,199109,144.0166667
2085,199110,146.6333333
2086,199111,149.035
2087,199112,152.4816667
2088,199201,155.6233333
2089,199202,159.4116667
2090,199203,161.6383333
2091,199204,163.2416667
2092,199205,164.1616667
2093,199206,165.49
2094,199207,166.7566667
2095,199208,167.49
2096,199209,168.3533333
2097,199210,169.52
2098,199211,170.8666667
2099,199212,172.415
2100,199301,172.5966667
2101,199302,173.97
2102,199303,174.1566667
2103,199304,173.9166667
2104,199305,173.9933333
2105,199306,173.0816667
2106,199307,172.2316667
2107,199308,170.95
2108,199309,169.0916667
2109,199310,167.6683333
2110,199311,165.8583333
2111,199312,163.145
2112,199401,161.0583333
2113,199402,158.495
2114,199403,156.4466667
2115,199404,154.1316667
2116,199405,151.3716667
2117,199406,147.2916667
2118,199407,145.1266667
2119,199408,141.8316667
2120,199409,138.755
2121,199410,136.3366667
2122,199411,132.8583333
2123,199412,129.8716667
2124,199501,126.625
2125,199502,124.525
2126,199503,122.1016667
2127,199504,119.3
2128,199505,116.7033333
2129,199506,114.5233333
2130,199507,111.6783333
2131,199508,107.78
2132,199509,105.2233333
2133,199510,102.41
2134,199511,99.66333333
2135,199512,96.62666667
2136,199601,93.59333333
2137,199602,89.71666667
2138,199603,86.64333333
2139,199604,83.46333333
2140,199605,80.80833333
2141,199606,77.33833333
2142,199607,73.53166667
2143,199608,69.84666667
2144,199609,67.08166667
2145,199610,63.80833333
2146,199611,61.565
2147,199612,58.255
2148,199701,55.07333333
2149,199702,51.41166667
2150,199703,49.09666667
2151,199704,47.11
2152,199705,45.96166667
2153,199706,44.66666667
2154,199707,42.97833333
2155,199708,42.04166667
2156,199709,41.47
2157,199710,39.79333333
2158,199711,38.47333333
2159,199712,37.365
2160,199801,36.75
2161,199802,35.45666667
2162,199803,35.11666667
2163,199804,34.72
2164,199805,34.64
2165,199806,34.98833333
2166,199807,35.26
2167,199808,36.23666667
2168,199809,37.91666667
2169,199810,38.04
2170,199811,38.85833333
2171,199812,39.705
2172,199901,39.72333333
2173,199902,40.44166667
2174,199903,41.375
2175,199904,42.47833333
2176,199905,44.475
2177,199906,47.26666667
2178,199907,49.315
2179,199908,51.115
2180,199909,52.21166667
2181,199910,53.905
2182,199911,56.55166667
2183,199912,57.96166667
2184,200001,59.63666667
2185,200002,61.635
2186,200003,64.49166667
2187,200004,67.32333333
2188,200005,69.765
2189,200006,72.52333333
2190,200007,76.255
2191,200008,78.96
2192,200009,81.29833333
2193,200010,83.14833333
2194,200011,85.55
2195,200012,87.69
2196,200101,89.845
2197,200102,91.74166667
2198,200103,94.295
2199,200104,96.87666667
2200,200105,99.11833333
2201,200106,102.225
2202,200107,104.0783333
2203,200108,106.4416667
2204,200109,110.3616667
2205,200110,113.585
2206,200111,116.1133333
2207,200112,119.4366667
2208,200201,122.39
2209,200202,125.0433333
2210,200203,127.2933333
2211,200204,130.025
2212,200205,132.7266667
2213,200206,134.5266667
2214,200207,136.995
2215,200208,139.3266667
2216,200209,141.4633333
2217,200210,143.4366667
2218,200211,145.05
2219,200212,146.38
2220,200301,147.8633333
2221,200302,148.2883333
2222,200303,148.6
2223,200304,149.055
2224,200305,149.2683333
2225,200306,149.7383333
2226,200307,150.265
2227,200308,150.17
2228,200309,149.2783333
2229,200310,149.6
2230,200311,149.36
2231,200312,148.5766667
2232,200401,148.1533333
2233,200402,147.7633333
2234,200403,147.285
2235,200404,146.7116667
2236,200405,145.4316667
2237,200406,143.0866667
2238,200407,141.5916667
2239,200408,140.3816667
2240,200409,139.4233333
2241,200410,137.8483333
2242,200411,135.8783333
2243,200412,134.4133333
2244,200501,132.9966667
2245,200502,130.96
2246,200503,127.9916667
2247,200504,125.445
2248,200505,123.7116667
2249,200506,121.525
2250,200507,118.4933333
2251,200508,116.4933333
2252,200509,114.5133333
2253,200510,112.3733333
2254,200511,110.1966667
2255,200512,108.7966667
2256,200601,106.7683333
2257,200602,104.8383333
2258,200603,102.3633333
2259,200604,100.5066667
2260,200605,98.75833333
2261,200606,95.785
2262,200607,94.105
2263,200608,91.76
2264,200609,88.185
2265,200610,85.19833333
2266,200611,82.85
2267,200612,79.665
2268,200701,77.07666667
2269,200702,74.54666667
2270,200703,72.215
2271,200704,69.19
2272,200705,66.39
2273,200706,64.59833333
2274,200707,62.16666667
2275,200708,59.40333333
2276,200709,56.33833333
2277,200710,53.84333333
2278,200711,51.43666667
2279,200712,49.47
2280,200801,47.31333333
2281,200802,46.1
2282,200803,44.68
2283,200804,43.10833333
2284,200805,41.73833333
2285,200806,39.84666667
2286,200807,37.71833333
2287,200808,35.8
2288,200809,34.51166667
2289,200810,32.95166667
2290,200811,31.68
2291,200812,30.49333333
2292,200901,29.505
2293,200902,28.28166667
2294,200903,27.045
2295,200904,26.07833333
2296,200905,24.91333333
2297,200906,23.91
2298,200907,22.605
2299,200908,21.44333333
2300,200909,20.74833333
2301,200910,19.64
2302,200911,18.58666667
2303,200912,18.37666667
2304,201001,17.9
2305,201002,17.65
2306,201003,17.39
2307,201004,16.91833333
2308,201005,16.11833333
2309,201006,15.485
2310,201007,14.865
2311,201008,14.35
2312,201009,14.33666667
2313,201010,14.67666667
2314,201011,14.79166667
2315,201012,14.21166667
2316,201101,14.31833333
2317,201102,15.02833333
2318,201103,16.05
2319,201104,16.48
2320,201105,16.83
2321,201106,17.35666667
2322,201107,18.06166667
2323,201108,18.81166667
2324,201109,20.41833333
2325,201110,22.265
2326,201111,23.98833333
2327,201112,25.43833333
2328,201201,26.52333333
2329,201202,27.01333333
2330,201203,28.33666667
2331,201204,29.67833333
2332,201205,30.96166667
2333,201206,32.14
2334,201207,33.55666667
2335,201208,34.97333333
2336,201209,36.46833333
2337,201210,37.71833333
2338,201211,39.13166667
2339,201212,39.79
2340,201301,41.32333333
2341,201302,42.29
2342,201303,43.33666667
2343,201304,45.065
2344,201305,46.99166667
2345,201306,48.18333333
2346,201307,49.61
2347,201308,51.135
2348,201309,52.02333333
2349,201310,53.86
2350,201311,55.64833333
2351,201312,57.70166667
2352,201401,59.63
2353,201402,62.045
2354,201403,64.18
2355,201404,66.035
2356,201405,67.86166667
2357,201406,69.47166667
2358,201407,71.05
2359,201408,72.83166667
2360,201409,74.88
2361,201410,76.25166667
2362,201411,77.86333333
2363,201412,79.47333333
2364,201501,80.69833333
2365,201502,81.335
2366,201503,81.84333333
2367,201504,82.925
2368,201505,84.17333333
2369,201506,84.96833333
2370,201507,85.645
2371,201508,86.225
2372,201509,86.92833333
2373,201510,87.42833333
2374,201511,87.89166667
2375,201512,88.45
2376,201601,88.945
2377,201602,89.08
2378,201603,88.67166667
2379,201604,88.035
2380,201605,87.92333333
2381,201606,87.33
2382,201607,86.795
2383,201608,86.535
2384,201609,85.27666667
2385,201610,83.73833333
2386,201611,81.77666667
2387,201612,80.26333333
2388,201701,79.125
2389,201702,78.76833333
2390,201703,77.62
2391,201704,76.72666667
2392,201705,75.43333333
2393,201706,74.22
2394,201707,72.84833333
2395,201708,71.81166667
2396,201709,70.97833333
2397,201710,69.92333333
2398,201711,68.55833333
2399,201712,67.74833333
2400,201801,66.26
2401,201802,65.42333333
2402,201803,64.16
2403,201804,62.52
2404,201805,60.735
2405,201806,59.71666667
2406,201807,58.30666667
2407,201808,56.92166667
2408,201809,56.06833333
2409,201810,54.24333333
2410,201811,52.42666667
2411,201812,50.40833333
2412,201901,48.58666667
2413,201902,46.165
2414,201903,44.17666667
2415,201904,42.45333333
2416,201905,40.74333333
2417,201906,39.04833333
2418,201907,37.39333333
2419,201908,35.62
2420,201909,33.47166667
2421,201910,31.97833333
2422,201911,30.26
2423,201912,28.40333333
2424,202001,26.95666667
2425,202002,25.84833333
2426,202003,24.965
2427,202004,23.79666667
2428,202005,22.32
2429,202006,21.30833333
2430,202007,20.31333333
2431,202008,19.365
2432,202009,18.065
2433,202010,17.24833333
2434,202011,16.78666667
2435,202012,16.205
2436,202101,15.42833333
2437,202102,14.625
2438,202103,14.01
2439,202104,13.78666667
2440,202105,13.28166667
2441,202106,13.35666667
2442,202107,13.38833333
2443,202108,12.91833333
2444,202109,13.03
2445,202110,13.09666667
2446,202111,13.32
2447,202112,14.13666667
2448,202201,14.62333333
2449,202202,15.19833333
2450,202203,16.21333333
2451,202204,17.075
2452,202205,18.36833333
2453,202206,19.22
2454,202207,20.44666667
2455,202208,21.16
2456,202209,22.03666667
2457,202210,23.40666667
2458,202211,24.605
2459,202212,26.35333333
