,value
0,58.1
1,47.48461538461539
2,45.70210341805434
3,48.88223659826814
4,57.63874079466669
5,58.23541169552958
6,56.340014692941644
7,55.78442323097836
8,54.10972364202647
9,53.946523515961964
10,49.81311313281128
11,49.071977196838574
12,49.6502091139404
13,48.18139454306916
14,44.27970736218563
15,43.33487691842181
16,42.41244591007361
17,43.73029025976766
18,44.434518998257204
19,44.3616820153366
20,42.878474274086514
21,43.10180580098359
22,43.007832025721584
23,43.565179880880734
24,42.76494371968633
25,42.875948532446806
26,40.51646946689169
27,39.97745350661052
28,40.55379740081481
29,39.111544055427586
30,38.79678541802798
31,39.063638690710526
32,37.196934890133626
33,35.84589271849454
34,34.48808953507902
35,33.337079617281525
36,33.49370177079765
37,31.949067313618603
38,30.651019258594165
39,29.764545662032262
40,28.2288278971868
41,26.801886691644107
42,25.537475611652862
43,24.558085159193052
44,23.599898581728766
45,24.030590347521333
46,23.111584834868733
47,21.870165141472803
48,20.68028270015793
49,19.641326073173108
50,20.03288158740865
51,20.122457944702315
52,19.173747989343905
53,18.647051373580357
54,18.357456760045107
55,17.56474696607968
56,16.636639090570057
57,15.791674330913072
58,14.96184860999157
59,14.177627259514225
60,13.43630077240597
61,12.735341242966797
62,12.124444305310828
63,11.494587246071276
64,10.898612620699403
65,10.334580748184804
66,9.84200441756031
67,9.334389638308881
68,8.853713501923544
69,8.398470546059283
70,7.96724701929866
71,9.302115252726319
72,10.669343853935636
73,11.044300853235384
74,10.480042428945271
75,11.593619811810846
76,11.23707071589214
77,10.66474383640181
78,10.12207251827983
79,9.72440120169018
80,10.972767516816424
81,12.547602250132353
82,11.911210919681682
83,11.378484200106344
84,11.227632209998058
85,11.970266414738793
86,13.256588636516007
87,12.899850555100329
88,13.551642401547896
89,14.160076701732596
90,16.044777646440384
91,17.394584779276876
92,17.83862008795295
93,18.2500024122737
94,18.318022744341217
95,19.2438513223957
96,19.75518975981605
97,20.280878867640972
98,22.344696919078917
99,23.232719637578167
100,24.77475684824563
101,26.630937092192024
102,29.689917972460016
103,31.514219417386478
104,31.518528185815413
105,34.17415943697666
106,35.76201650203059
107,39.669262558179135
108,40.5741760335031
109,42.50230212945881
110,45.201276081098406
111,46.78126701197724
112,49.13937054358154
113,51.408954973828436
114,52.36111894355531
115,54.2179013680872
116,55.64052800290111
117,57.53796383862267
118,58.68362520659516
119,59.59137056896765
120,61.014671850093976
121,63.33337971887681
122,65.5958277442574
123,67.41417979596976
124,71.48014831811055
125,76.08332267549831
126,76.80021910374289
127,79.32876850040728
128,79.55763622211948
129,80.13548873157882
130,80.87961262839472
131,80.7404724206182
132,80.28295031517139
133,80.38390729536322
134,82.39669110398944
135,86.20040974102014
136,87.50654836007918
137,89.29272679435712
138,92.40558355793296
139,94.25170902301727
140,93.93889746636196
141,94.00699935698658
142,94.94225949891154
143,94.9001204093099
144,94.5048816964207
145,95.78535378219793
146,98.04728794217219
147,102.01192477501507
148,102.43653214889734
149,102.73484143773294
150,101.25745998880143
151,100.42424442247615
152,100.57309033780523
153,102.57517870055479
154,104.21699850660683
155,105.84669432528483
156,104.50393243479853
157,103.45841983355882
158,106.07625045574864
159,105.31723090461686
160,103.22082613958807
161,100.83919856229042
162,99.56694110972276
163,99.16850553668897
164,97.3697006137569
165,96.35601233665028
166,95.16298447569012
167,92.81941117538297
168,90.75308540423997
169,90.84544621747655
170,90.89818208828531
171,88.59293321942795
172,87.60814867094285
173,85.45245449331004
174,82.34443902054
175,78.96681159246735
176,75.7030988011018
177,73.67772442546385
178,71.18358149188639
179,69.91427830513537
180,67.35332650109666
181,65.23047284220883
182,62.94875791499435
183,60.03108764949899
184,58.10438749267485
185,55.28396539426251
186,53.09961797020626
187,50.919495649148566
188,49.338423432113515
189,47.49639442011259
190,45.611469865004274
191,44.16081972480016
192,42.362688482326284
193,41.74952481965966
194,39.98696873399814
195,38.1075394151581
196,36.94211479752437
197,35.74996275503578
198,34.68242522777172
199,33.2782547464639
200,32.574318568042784
201,33.010616441937536
202,33.90511250238097
203,35.08489056065192
204,33.95061526757419
205,34.288093199965985
206,34.208686596206455
207,37.61833155651322
208,39.367453620156134
209,40.159097553637714
210,43.13120193365347
211,45.899694275155355
212,52.00481941707261
213,57.33466955632036
214,62.8030248823685
215,66.12792493352207
216,70.20158839140498
217,75.66158499366574
218,80.06356397005838
219,87.96048500337592
220,92.84751909263119
221,98.60020837759994
222,103.40024967281784
223,107.21027618477474
224,109.77478731090376
225,115.73110296433421
226,120.01958544852833
227,131.20869945377527
228,140.3183366261618
229,147.93247708106497
230,151.75088051896597
231,155.67836316103333
232,157.1994548149337
233,162.50951461459917
234,167.94407052203545
235,170.72188235885028
236,170.20578552930766
237,172.00550523587395
238,172.32523149015276
239,174.5139797752858
240,177.86329511977937
241,176.0351229313818
242,178.95837807504319
243,180.56546506785583
244,183.0072003254881
245,181.73683610257555
246,181.66999408717544
247,179.15148685624305
248,176.3289044998922
249,175.0874559265537
250,172.79307725140788
251,170.79841853352562
252,171.053498196708
253,171.04082325902797
254,168.96377776131357
255,165.6605823242142
256,161.85754604496924
257,158.32466242123016
258,157.47342785318702
259,160.5397614122556
260,163.56777798700122
261,162.9643882082591
262,160.55116545662204
263,157.83360360932443
264,156.7119220272553
265,156.18132529603318
266,154.0172565907605
267,151.80639139264017
268,149.98606997033886
269,146.53176313191517
270,144.2551728841852
271,141.86241215202685
272,140.93429077503112
273,138.47257429760066
274,136.06894378443297
275,133.74049494027318
276,129.05846703190892
277,125.10054114150506
278,121.32551178401471
279,118.60423461944512
280,118.29402271786795
281,117.01932091598827
282,113.73835324170955
283,111.3214344399886
284,108.80036158867988
285,105.73034220279759
286,102.08882362049013
287,100.22438172340931
288,96.91316142911903
289,93.90750231586091
290,91.02212624996295
291,88.71601921607134
292,86.35021755220407
293,83.74270593844405
294,80.60556980013266
295,78.79529084887997
296,76.38552572314468
297,75.74124928883576
298,75.32918673437767
299,73.02772692003606
300,70.48634007299013
301,67.25702246450194
302,64.58917086658249
303,62.149711910900024
304,60.79722609816876
305,58.63736446376507
306,56.50049593088863
307,54.655470880321396
308,52.267697023994366
309,50.09931190335962
310,49.17934619959588
311,47.78037873273432
312,46.17635962521495
313,45.092541534263844
314,43.9629143489404
315,43.49476858873312
316,42.280030053890385
317,40.47602840248476
318,40.21222696170162
319,40.18661561171114
320,38.757284730104956
321,38.61442048400737
322,37.57869939374262
323,37.499764419272296
324,37.764776213564545
325,39.51653749868736
326,41.14571070839505
327,43.83842530587771
328,45.63150412465857
329,45.93992893216413
330,46.19293249626224
331,46.57828588694072
332,46.71437159779092
333,47.76865305615219
334,48.665220434246876
335,51.20695949576117
336,51.87661154180382
337,53.52778101350806
338,56.17639203718941
339,59.142572514438484
340,61.180443940349434
341,63.5414218001603
342,64.23935072611137
343,65.59238321919776
344,71.24276417484405
345,72.35062598782152
346,73.76309471473735
347,75.52994001026222
348,76.97344303401276
349,76.86977088065665
350,80.17628238678358
351,79.89746826342628
352,82.1875948816089
353,85.18821517655566
354,85.28380441890899
355,92.73461428542304
356,101.50788366898561
357,111.46248959099317
358,117.46436517184691
359,120.72114694439227
360,127.94508966278654
361,130.8678352048667
362,133.38444346525267
363,135.64522130959563
364,137.38796025700867
365,141.26356227139647
366,145.80038418811773
367,149.55536500252924
368,150.44259675774902
369,153.9504669399422
370,155.8029436030193
371,161.30279645128235
372,168.15265666233736
373,172.26002384837153
374,172.78202265826513
375,173.8779215299634
376,172.84402544933212
377,171.91182417332527
378,170.7262329603816
379,168.61992130514324
380,169.0889252414132
381,167.41947897417847
382,168.45850502852284
383,169.2505797793079
384,168.1980507875511
385,168.27814824837537
386,167.70424083458295
387,163.5090287833146
388,161.18357733912555
389,159.77439846927746
390,155.50067853748186
391,153.5756446070425
392,154.08186237758102
393,153.12276925709887
394,150.67163079035174
395,148.9330492482115
396,148.66139678541163
397,151.23332694964256
398,149.81166060032172
399,147.68607756769396
400,146.24677368762923
401,144.93443500179254
402,141.1177132476822
403,139.51182758369094
404,138.98123620400196
405,137.96717439288594
406,135.90881567147548
407,135.88837488788505
408,135.58895614325894
409,135.11950833575062
410,134.17353291830196
411,133.67985627205908
412,132.21086345752957
413,130.05032028335847
414,127.54780426776601
415,124.935414052965
416,122.24864334893645
417,122.53121118162754
418,121.55965062209569
419,119.78666809020996
420,117.6923346848231
421,115.88271794986258
422,113.66858205153329
423,112.50515294853923
424,110.17489530031806
425,108.46615053474888
426,107.40284300768437
427,106.82270085713064
428,104.66656581367555
429,103.45823752267312
430,101.02032564592866
431,98.1943093629596
432,94.74959389403273
433,91.91211419872158
434,89.28650848824971
435,87.33718306345932
436,85.25032390990201
437,82.99280771401192
438,80.61816732791662
439,78.09225896112194
440,76.31764601279964
441,73.70676371178759
442,72.69642552606143
443,71.11660424955517
444,68.7307740367859
445,66.37423533467307
446,64.70552356775542
447,61.890247389072734
448,59.660735019397215
449,57.1776982681926
450,54.35381335452934
451,51.93112268659617
452,49.33456655205589
453,47.7828382243336
454,45.78869631297104
455,43.78926149718353
456,41.649798422183096
457,40.03230850097249
458,38.065693075806685
459,36.78240842194371
460,34.94328800074762
461,33.68612360064601
462,32.44181742055332
463,31.384726549476913
464,30.23549022195273
465,29.148715710809874
466,28.426279925240827
467,27.689965928951136
468,27.605467632500563
469,26.93519425085282
470,26.08843453828291
471,25.839012811361137
472,27.257062170834285
473,27.41920906229705
474,28.15824860920158
475,28.35033617874629
476,30.962819369870807
477,33.26967840142914
478,34.5861944813858
479,36.39188475735316
480,38.28229051952194
481,39.683175993571496
482,43.159017193953396
483,44.641066334280225
484,46.339013017592876
485,48.247062366741694
486,51.21970924844673
487,53.90372378606054
488,58.81853759682037
489,64.53761071704884
490,66.24073018121604
491,69.27869367218855
492,73.76475898862586
493,78.39652103924041
494,83.05169498732216
495,87.04411023799172
496,91.33190472612851
497,95.02530948985186
498,99.30904401539208
499,104.49359181466018
500,109.31391222396049
501,114.73821661279808
502,118.23130578217997
503,120.01474049308156
504,121.84400346843779
505,124.14680329502822
506,127.33946313029304
507,127.7574899737804
508,131.54461547510874
509,135.2823847013696
510,139.61326546631906
511,142.15760219301313
512,143.80972208336863
513,145.17423597920504
514,147.21552418025166
515,148.9397479712446
516,147.41776057267774
517,147.42187254404385
518,149.65077891684777
519,151.52323997101027
520,149.33707797245435
521,150.24522407383378
522,150.14296287014187
523,150.47081472663547
524,150.54227399030384
525,149.40016029078646
526,147.03015227624283
527,147.3186446624312
528,145.9477124293074
529,144.77032680784018
530,141.66681046744355
531,139.68846994406857
532,138.824046446864
533,139.86784412452212
534,139.84945191829598
535,138.79197932237997
536,138.1723803562603
537,135.2537613384443
538,133.29107327152016
539,130.50651960794156
540,128.57119362754278
541,127.52763394616476
542,127.45125224885645
543,124.9336896364117
544,123.79200515459029
545,121.48240489685918
546,118.50828465201428
547,117.14787041941274
548,113.37547689843989
549,111.49170305351682
550,109.4971179008399
551,107.9272620057971
552,108.01589890550729
553,107.0901039602315
554,108.03059876222032
555,106.03406882410847
556,104.58736538290249
557,104.85299711375747
558,104.80034725806958
559,104.76532989516608
560,102.23706340040697
561,100.34521023038604
562,100.79294971886686
563,98.46830223292288
564,98.16988712127666
565,96.99139276521252
566,95.89182312695165
567,93.89223197060363
568,92.47762037207315
569,91.0437393534692
570,89.03155238579537
571,88.16997476650543
572,85.81147602817975
573,83.14590222677033
574,81.32360711543154
575,78.47242675965954
576,77.54880542167643
577,77.31636515059259
578,75.78054689306276
579,73.66651954840937
580,71.21319357098862
581,69.22253389243899
582,66.64140719781676
583,64.51933683792572
584,61.988369996029206
585,60.22895149622759
586,58.07750392141603
587,55.31862872534501
588,52.55269728907755
589,49.995062424623484
590,48.365309303392195
591,46.43204383822246
592,44.385441646311214
593,42.30616956399553
594,40.66586108579566
595,39.087568031505796
596,38.06818962993046
597,37.439780148433904
598,36.472791141012166
599,37.04415158396158
600,36.48694400476348
601,35.977596804525284
602,36.37871696429904
603,37.61478111608413
604,37.959042060279934
605,38.65108995726596
606,39.13353545940267
607,40.04185868643257
608,41.974765752111
609,45.01602746450553
610,47.70022609128032
611,50.95521478671638
612,53.487454047380616
613,55.80808134501164
614,57.417677277761086
615,57.96679341387305
616,63.73845374317951
617,69.58653105602065
618,71.04720450321963
619,74.1298442780587
620,77.14835206415582
621,78.24093446094804
622,80.83888773790068
623,85.50194335100569
624,87.67684618345542
625,92.87800387428271
626,101.36910368056867
627,109.64564849654032
628,118.84336607171339
629,124.21619776812777
630,129.05038787972143
631,135.42286848573542
632,139.9917250614487
633,145.20713880837633
634,150.24678186795757
635,153.5694427745597
636,153.2509706358317
637,156.03842210404014
638,160.17150099883813
639,165.70792594889627
640,169.55252965145147
641,168.7199031688789
642,168.87390801043495
643,169.6152126099132
644,167.8294519794175
645,166.86297938044663
646,167.3048304114243
647,166.47958889085308
648,164.7906094463104
649,166.5660789739949
650,165.61277502529518
651,165.8521362740304
652,166.5345294603289
653,167.3728029873125
654,167.80416283794688
655,167.16395469604953
656,168.36075696124703
657,168.50271911318467
658,169.41758315752546
659,167.94170399964918
660,166.7746187996667
661,167.35588785968338
662,167.1880934666992
663,165.18368879336424
664,160.92450435369602
665,156.6182791360112
666,154.37236517921065
667,152.3437469202501
668,148.66155957423757
669,145.15848159552567
670,142.52555751574937
671,139.49927963996188
672,137.5943156579638
673,136.0695998750656
674,133.1411198813123
675,129.15906388724667
676,126.43111069288433
677,123.29955515824011
678,122.7945774003281
679,121.7698485303117
680,118.02135610379612
681,114.99028829860633
682,111.650773883676
683,108.50823518949221
684,104.3028234300176
685,100.88268225851671
686,98.65854814559087
687,96.15562073831131
688,92.30783970139574
689,89.68744771632595
690,86.24807533050965
691,83.15567156398417
692,79.19788798578496
693,76.3029935864957
694,73.9678439071709
695,71.09445171181235
696,68.73472912622174
697,66.55299266991064
698,65.7803430364151
699,62.686325884594346
700,59.97700959036462
701,57.11315911084638
702,55.532501155304054
703,53.49587609753885
704,51.6510822926619
705,50.2635281780288
706,48.580351769127354
707,46.83133418067098
708,46.51976747163743
709,44.91877909805556
710,43.66784014315278
711,42.79944813599514
712,42.464475729195385
713,41.52125194273562
714,39.945189345598834
715,38.47292987831889
716,37.95428338440294
717,36.61656921518279
718,35.965740754423656
719,34.34245371670247
720,32.90033103086734
721,31.80531447932397
722,30.870048755357775
723,29.336546317589885
724,28.364719001710387
725,27.481483051624867
726,26.11740889904362
727,24.811538454091437
728,24.01096153138686
729,22.905413454817513
730,22.100142782076635
731,21.0401356429728
732,20.06812886082416
733,19.10972241778295
734,18.154236296893803
735,17.76652448204911
736,17.078198257946653
737,16.62428834504932
738,16.423073927796853
739,16.49692023140701
740,16.177074219836662
741,16.388220508844828
742,16.663809483402588
743,16.440619009232456
744,17.623588058770835
745,19.012408655832296
746,19.666788223040683
747,20.30344881188865
748,21.243276371294222
749,23.026112552729515
750,23.699806925093043
751,26.529816578838396
752,30.708325749896485
753,32.75790946240166
754,33.67501398928159
755,34.46126328981751
756,35.768200125326636
757,38.40979011906031
758,40.7793006131073
759,43.04533558245195
760,44.518068803329356
761,47.33216536316289
762,51.37555709500475
763,53.67177924025452
764,55.4181902782418
765,58.01228076432972
766,59.68666672611323
767,60.64233338980756
768,61.36021672031718
769,64.08720588430134
770,66.45784559008628
771,71.11495331058197
772,72.90420564505288
773,73.02899536280025
774,73.16254559466023
775,72.87941831492722
776,74.04044739918086
777,75.26842502922182
778,78.53500377776074
779,78.0932535888727
780,79.23859090942906
781,79.18666136395761
782,78.79232829575973
783,81.69271188097174
784,80.23307628692315
785,82.581422472577
786,85.17235134894817
787,84.74373378150075
788,84.8965470924257
789,87.63171973780442
790,90.29013375091421
791,92.10062706336849
792,95.12559571020007
793,97.60931592469007
794,100.01885012845557
795,101.36290762203281
796,101.83976224093117
797,101.0127741288846
798,100.38713542244037
799,100.02277865131835
800,100.17663971875243
801,99.1478077328148
802,97.23541734617406
803,96.30364647886535
804,95.05846415492208
805,96.29054094717597
806,95.62101389981717
807,95.42496320482631
808,96.733715044585
809,98.87202929235576
810,99.47342782773798
811,98.67475643635107
812,97.04101861453351
813,95.41396768380683
814,93.22326929961648
815,90.37710583463564
816,88.34825054290386
817,86.09083801575866
818,86.56129611497073
819,85.8782313092222
820,84.14431974376109
821,82.20210375657302
822,80.61199856874437
823,77.98639864030714
824,75.87207870829178
825,72.7984747728772
826,69.18855103423333
827,66.81412348252167
828,64.32341730839558
829,62.20724644297579
830,59.45188412082699
831,57.05928991478562
832,55.87632541904634
833,54.38750914809401
834,53.61313369068931
835,52.71747700615484
836,50.70160315584709
837,48.71652299805473
838,46.855696848151986
839,46.237912005744384
840,44.986016405457164
841,43.326715585184296
842,41.81537980592508
843,40.149610815628826
844,38.72713027484738
845,37.38077376110501
846,35.761735073049756
847,34.20364831939727
848,33.2234659034274
849,31.732292608256028
850,31.040677977843227
851,30.043644078951065
852,28.606461875003507
853,27.886138781253337
854,27.04683184219067
855,26.059490250081133
856,24.956515737577075
857,24.248689950698218
858,23.826255453163306
859,24.349942680505144
860,23.677445546479884
861,22.663573269155886
862,21.54539460569809
863,21.028124875413184
864,20.416718631642524
865,19.450882700060397
866,18.903338565057375
867,18.093171636804502
868,17.583513054964275
869,16.814337402216058
870,16.938620532105254
871,16.80168950549999
872,17.39160503022499
873,17.452024778713742
874,17.374423539778054
875,17.160702362789152
876,17.427667244649694
877,18.40128388241721
878,18.34121968829635
879,19.134158703881532
880,21.60245076868746
881,24.542328230253098
882,28.215211818740457
883,29.55945122780344
884,32.566478666413275
885,35.238154733092614
886,36.96624699643799
887,37.83293464661609
888,41.701287914285295
889,45.92122351857104
890,47.79016234264249
891,51.20065422551037
892,55.275621514234864
893,58.876840438523125
894,62.31299841659697
895,67.64734849576713
896,69.49998107097878
897,71.89998201742985
898,73.74998291655837
899,76.61248377073045
900,79.03185958219393
901,81.16026660308422
902,82.57725327293001
903,85.78839060928351
904,88.56397107881934
905,91.62577252487837
906,94.42448389863445
907,100.47325970370275
908,101.94459671851762
909,103.51236688259173
910,104.59674853846215
911,107.18691111153905
912,108.7575655559621
913,110.369687278164
914,109.20620291425578
915,110.545892768543
916,113.45359813011585
917,116.02091822361007
918,119.05487231242955
919,118.95712869680806
920,118.50927226196765
921,118.86880864886925
922,117.6403682164258
923,116.76334980560449
924,116.19518231532426
925,115.98542319955804
926,115.26615203958015
927,115.91284443760114
928,115.74220221572108
929,115.91009210493502
930,114.09958749968824
931,114.13960812470383
932,113.23762771846863
933,113.23574633254519
934,111.50395901591793
935,111.82376106512204
936,108.65257301186593
937,108.00494436127262
938,106.929697143209
939,105.23321228604854
940,102.2765516717461
941,101.24772408815879
942,99.94533788375084
943,97.2180709895633
944,97.46716744008513
945,94.98880906808087
946,93.40436861467681
947,92.28415018394297
948,91.04994267474582
949,88.94744554100852
950,86.93507326395809
951,85.17331960076018
952,82.57965362072215
953,79.39567093968604
954,77.73088739270173
955,75.66434302306664
956,75.90112587191331
957,73.30106957831764
958,70.33601609940175
959,69.59421529443165
960,68.63450452971007
961,68.23777930322457
962,68.02089033806335
963,65.82984582116018
964,64.68835353010216
965,63.30893585359705
966,60.89348906091718
967,60.46381460787131
968,60.34562387747774
969,60.18334268360385
970,59.75417554942364
971,57.82146677195245
972,56.550393433354834
973,54.48787376168708
974,53.27848007360272
975,51.794556069922585
976,49.84982826642645
977,49.06233685310513
978,47.734220010449874
979,45.592509009927376
980,44.012883559431
981,42.89723938145945
982,41.40237741238647
983,40.21225854176714
984,38.98664561467878
985,38.17731333394483
986,36.988447667247584
987,36.47902528388521
988,35.920074019690944
989,35.12907031870639
990,34.06761680277107
991,32.71923596263252
992,31.778274164500885
993,31.26936045627584
994,30.080892433462044
995,28.601847811788936
996,27.191755421199485
997,26.03216765013951
998,25.10055926763253
999,23.8455313042509
1000,23.503254739038354
1001,22.813092002086435
1002,21.73243740198211
1003,20.730815531883003
1004,19.73927475528885
1005,19.067311017524407
1006,18.433945466648183
1007,17.51224819331577
1008,17.101635783649982
1009,16.246553994467483
1010,16.469226294744107
1011,15.645764980006902
1012,15.098476731006555
1013,14.463552894456225
1014,13.815375249733412
1015,13.31460648724674
1016,13.278876162884403
1017,13.974932354740185
1018,14.136185737003176
1019,13.519376450153015
1020,13.538407627645364
1021,14.281487246263096
1022,14.692412883949942
1023,16.132792239752447
1024,16.541152627764827
1025,17.074094996376587
1026,18.54039024655776
1027,20.013370734229877
1028,19.937702197518384
1029,22.18081708764247
1030,24.781776233260352
1031,27.35268742159734
1032,28.615053050517478
1033,29.224300397991605
1034,30.85808537809203
1035,32.89518110918743
1036,34.53542205372807
1037,36.298650951041665
1038,38.698718403489586
1039,41.618782483315115
1040,42.04784335914937
1041,44.4654511911919
1042,45.41217863163231
1043,47.6965697000507
1044,49.871741215048175
1045,54.52815415429577
1046,56.51674644658098
1047,56.96590912425193
1048,58.11261366803934
1049,59.28698298463737
1050,62.4026338354055
1051,64.18750214363523
1052,65.56812703645346
1053,68.8497206846308
1054,74.34223465039928
1055,75.25012291787931
1056,75.27761677198534
1057,74.12873593338607
1058,75.79229913671678
1059,76.61268417988094
1060,77.5920499708869
1061,78.97744747234256
1062,83.66357509872545
1063,83.46039634378917
1064,83.96237652659971
1065,81.24925770026972
1066,80.42679481525623
1067,81.80545507449342
1068,84.08518232076877
1069,88.89592320473034
1070,89.50612704449382
1071,89.41082069226913
1072,88.51027965765567
1073,87.44476567477288
1074,87.21752739103424
1075,87.38165102148253
1076,90.0975684704084
1077,91.047690046888
1078,91.62030554454358
1079,90.98429026731641
1080,89.7050757539506
1081,88.04982196625306
1082,86.04233086794041
1083,86.54521432454338
1084,85.61795360831621
1085,85.3470559279004
1086,84.36970313150537
1087,87.69621797493012
1088,90.55640707618363
1089,88.72358672237445
1090,88.08240738625572
1091,86.97328701694293
1092,87.35462266609578
1093,86.86689153279099
1094,88.04854695615144
1095,86.33111960834387
1096,85.01456362792668
1097,82.65383544653034
1098,81.50114367420382
1099,79.35108649049361
1100,78.61853216596893
1101,79.5576055576705
1102,80.22972527978698
1103,80.72823901579763
1104,78.89182706500775
1105,77.57223571175736
1106,75.47862392616949
1107,72.40969272986099
1108,70.63420809336795
1109,68.12749768869955
1110,65.89612280426456
1111,63.56631666405133
1112,62.57300083084876
1113,62.63935078930633
1114,59.922383249841005
1115,57.406264087348944
1116,54.81595088298148
1117,52.82515333883241
1118,50.83389567189078
1119,49.67220088829624
1120,47.943590843881424
1121,45.731411301687345
1122,43.73984073660297
1123,41.887848699772825
1124,40.12845626478418
1125,38.34703345154496
1126,36.779681778967706
1127,35.12569769001932
1128,33.389412805518354
1129,31.719942165242433
1130,30.54394505698031
1131,29.39674780413129
1132,28.29691041392472
1133,27.22706489322848
1134,26.11071164856705
1135,24.830176066138694
1136,24.383667262831757
1137,23.544483899690167
1138,22.462259704705655
1139,21.869146719470372
1140,20.96568938349685
1141,20.157404914322008
1142,19.189534668605905
1143,18.31005793517561
1144,17.394555038416826
1145,16.52482728649598
1146,15.843585922171178
1147,15.071406626062615
1148,14.417836294759484
1149,13.956944480021509
1150,13.319097256020433
1151,12.968142393219411
1152,12.554735273558439
1153,12.146998509880516
1154,11.804648584386491
1155,12.65941615516717
1156,12.46144534740881
1157,12.793373080038371
1158,12.608704426036452
1159,12.62326920473463
1160,13.0521057444979
1161,13.084500457273005
1162,13.795275434409357
1163,14.970511662688892
1164,16.14698607955445
1165,18.859636775576732
1166,21.156654936797903
1167,23.543822189958014
1168,25.12163108046012
1169,29.600549526437124
1170,34.090522050115275
1171,38.18599594760952
1172,40.39669615022905
1173,42.8318613427176
1174,44.235268275581724
1175,44.89850486180264
1176,46.42857961871251
1177,48.727150637776894
1178,51.87579310588806
1179,55.272003450593665
1180,58.708403278064
1181,61.417983114160805
1182,62.812083958452774
1183,62.60147976053014
1184,63.22640577250363
1185,64.29008548387846
1186,66.55058120968454
1187,67.6380521492003
1188,70.48114954174031
1189,72.9520920646533
1190,77.20448746142065
1191,79.57426308834962
1192,85.10554993393215
1193,90.42027243723557
1194,95.8842588153738
1195,103.97504587460513
1196,109.5562935808749
1197,110.09347890183116
1198,112.62380495673962
1199,117.76761470890264
1200,119.87923397345752
1201,119.32027227478463
1202,119.3742586610454
1203,120.11054572799313
1204,120.50001844159347
1205,119.42501751951379
1206,122.42876664353811
1207,124.78732831136121
1208,125.20796189579313
1209,126.03256380100346
1210,126.68093561095328
1211,125.27188883040562
1212,123.01829438888532
1213,123.49237966944105
1214,122.862760685969
1215,121.03462265167055
1216,122.32789151908702
1217,125.47649694313267
1218,124.59267209597606
1219,124.11803849117724
1220,122.46713656661838
1221,120.74377973828746
1222,118.20159075137308
1223,115.1915112138044
1224,113.69693565311418
1225,112.50208887045846
1226,112.72198442693555
1227,108.32088520558875
1228,105.67484094530931
1229,103.62109889804384
1230,100.72504395314164
1231,97.28379175548456
1232,95.44460216771033
1233,94.8073720593248
1234,92.33200345635855
1235,90.2054032835406
1236,88.32013311936356
1237,86.25912646339538
1238,84.1711701402256
1239,82.66261163321431
1240,80.37948105155358
1241,79.1705069989759
1242,78.69698164902711
1243,76.66213256657575
1244,74.30902593824696
1245,72.10857464133461
1246,69.98314590926786
1247,68.17898861380448
1248,65.75503918311425
1249,64.66228722395854
1250,65.99417286276062
1251,63.60946421962257
1252,61.09899100864144
1253,58.534041458209366
1254,56.522339385298885
1255,54.24122241603394
1256,51.919161295232236
1257,49.843203230470614
1258,47.961043068947085
1259,47.01299091549973
1260,45.037341369724736
1261,42.910474301238494
1262,41.039950586176566
1263,39.497953056867736
1264,37.78805540402434
1265,36.66365263382312
1266,35.125470002131955
1267,33.40919650202535
1268,32.84373667692409
1269,32.17654984307788
1270,31.402722350923987
1271,30.062586233377782
1272,28.599456921708885
1273,27.594484075623438
1274,26.364759871842264
1275,25.99152187825015
1276,26.421945784337645
1277,27.100848495120765
1278,28.090806070364728
1279,28.291265766846497
1280,28.971702478504174
1281,29.653117354578967
1282,30.04546148685002
1283,29.918188412507515
1284,28.877278991882136
1285,29.363415042288032
1286,29.395244290173633
1287,30.575482075664954
1288,32.61670797188171
1289,34.94087257328763
1290,36.40382894462325
1291,37.74863749739209
1292,40.87620562252249
1293,44.59739534139638
1294,47.247525574326566
1295,53.10514929561025
1296,56.43489183082975
1297,59.43314723928827
1298,61.671489877323864
1299,61.79791538345767
1300,64.0580196142848
1301,66.97511863357057
1302,67.98636270189205
1303,69.72204456679745
1304,71.30594233845758
1305,73.70564522153471
1306,75.06036296045798
1307,77.9273448124351
1308,80.83097757181335
1309,84.54442869322268
1310,86.12220725856155
1311,89.60609689563347
1312,91.72079205085181
1313,92.05975244830923
1314,92.03676482589377
1315,91.91492658459907
1316,93.02418025536912
1317,93.63297124260066
1318,94.55632268047063
1319,93.59350654644709
1320,95.87383121912475
1321,97.20013965816852
1322,99.46013267526011
1323,101.20212604149711
1324,102.55701973942226
1325,105.04916875245115
1326,107.9667103148286
1327,109.54837479908717
1328,111.55095605913283
1329,111.0884082561762
1330,109.72898784336739
1331,109.15753845119903
1332,109.43966152863909
1333,109.20267845220712
1334,107.93254452959677
1335,106.93091730311693
1336,106.43437143796108
1337,107.10765286606303
1338,107.6072702227599
1339,107.7069067116219
1340,105.18656137604081
1341,104.43223330723877
1342,105.96562164187684
1343,109.662340559783
1344,109.61922353179386
1345,108.29326235520416
1346,105.79859923744395
1347,103.69366927557174
1348,101.57898581179315
1349,98.90003652120348
1350,95.7800346951433
1351,93.06603296038612
1352,91.08773131236681
1353,89.39334474674847
1354,87.89367750941105
1355,85.64899363394049
1356,82.58654395224346
1357,82.04721675463128
1358,80.44985591689971
1359,79.02736312105472
1360,77.11599496500197
1361,74.53519521675187
1362,72.25843545591427
1363,69.72551368311854
1364,67.8242379989626
1365,65.26302609901447
1366,63.55987479406374
1367,61.86688105436055
1368,59.77853700164251
1369,57.66961015156038
1370,55.72612964398235
1371,53.874823161783226
1372,52.66608200369406
1373,51.87777790350936
1374,50.083889008333884
1375,48.144694557917184
1376,46.06745983002132
1377,44.504086838520244
1378,42.96388249659423
1379,41.74068837176451
1380,40.673653953176284
1381,40.484971255517465
1382,39.30072269274159
1383,37.5806865581045
1384,35.96665223019927
1385,34.603319618689305
1386,33.10815363775484
1387,31.472745955867094
1388,30.32410865807374
1389,29.05790322517005
1390,27.655008063911545
1391,26.292257660715965
1392,25.262644777680162
1393,24.64451253879615
1394,23.77228691185634
1395,23.523672566263524
1396,23.99248893795035
1397,23.352864491052827
1398,22.950221266500186
1399,22.497710203175178
1400,21.707824693016416
1401,21.097433458365593
1402,20.767561785447313
1403,21.01418369617495
1404,21.518474511366204
1405,22.147550785797897
1406,22.965173246508005
1407,22.8369145841826
1408,23.965068854973474
1409,26.57681541222481
1410,28.072974641613577
1411,29.179325909532906
1412,31.22535961405627
1413,34.09909163335347
1414,37.744137051685804
1415,40.98193019910152
1416,44.167833689146455
1417,48.15444200468914
1418,52.166719904454695
1419,55.79838390923197
1420,57.55346471377039
1421,60.51079147808188
1422,61.845251904177786
1423,66.0029893089689
1424,69.03783984352046
1425,72.99594785134445
1426,78.96115045877724
1427,85.29309293583839
1428,92.07343828904649
1429,98.17476637459418
1430,100.25102805586448
1431,104.34847665307126
1432,108.8510528204177
1433,114.26350017939684
1434,120.64032517042702
1435,126.08330891190569
1436,128.17414346631043
1437,132.1754362929949
1438,131.76166447834515
1439,132.5685812544279
1440,134.1401521917065
1441,137.36314458212118
1442,137.70498735301513
1443,139.23973798536437
1444,142.89275108609618
1445,143.87811353179137
1446,150.46420785520183
1447,152.58099746244176
1448,152.41694758931968
1449,153.0611002098537
1450,155.588045199361
1451,155.54364293939295
1452,154.4614607924233
1453,153.18838775280213
1454,150.91896836516202
1455,152.46801994690392
1456,154.70961894955875
1457,155.3891380020808
1458,155.74968110197676
1459,156.77719704687794
1460,158.32333719453405
1461,157.75217033480735
1462,155.54956181806696
1463,151.28208372716358
1464,147.9229795408054
1465,145.4818305637651
1466,145.15273903557687
1467,142.95010208379801
1468,140.3325969796081
1469,140.3059671306277
1470,138.9156687740963
1471,140.76488533539148
1472,139.2666410686219
1473,136.8783090151908
1474,134.90439356443127
1475,133.8491738862097
1476,130.9617151918992
1477,128.12862943230425
1478,125.59719796068902
1479,122.04733806265455
1480,118.39497115952182
1481,117.45522260154571
1482,117.15246147146843
1483,116.29983839789499
1484,115.97484647800023
1485,114.0361041541002
1486,111.5342989463952
1487,108.76758399907541
1488,106.30420479912162
1489,105.38399455916554
1490,104.63479483120726
1491,104.46305508964689
1492,101.32990233516453
1493,97.2084072184063
1494,93.82798685748597
1495,90.82158751461166
1496,87.71550813888108
1497,84.92973273193701
1498,83.24824609534015
1499,80.96583379057314
1500,77.95254210104449
1501,76.45991499599225
1502,74.92191924619264
1503,73.350823283883
1504,70.86328211968885
1505,67.95511801370439
1506,65.65736211301918
1507,63.98949400736821
1508,61.62501930699979
1509,59.1937683416498
1510,57.084079924567305
1511,55.79987592833894
1512,53.31488213192198
1513,50.689138025325875
1514,49.06968112405957
1515,46.636197067856585
1516,44.50938721446375
1517,42.69391785374056
1518,40.98422196105353
1519,40.33001086300085
1520,39.49851031985081
1521,38.92858480385827
1522,37.877155563665355
1523,38.35329778548209
1524,37.97563289620798
1525,37.13685125139758
1526,37.0750086888277
1527,37.891258254386315
1528,38.546695341667004
1529,39.62936057458366
1530,41.19789254585448
1531,41.29299791856176
1532,42.133348022633676
1533,45.751680621502004
1534,47.29409659042691
1535,47.21439176090556
1536,48.81867217286028
1537,53.56773856421728
1538,57.27435163600642
1539,60.715634054206106
1540,64.75985235149581
1541,67.65185973392103
1542,73.95426674722499
1543,79.19155340986376
1544,83.10197573937059
1545,87.47187695240207
1546,93.41328310478198
1547,98.8876189495429
1548,102.12823800206576
1549,106.46682610196248
1550,110.33348479686438
1551,115.42181055702116
1552,123.90072002917012
1553,129.31068402771163
1554,134.02014982632605
1555,140.68914233500976
1556,145.6496852182593
1557,149.95220095734635
1558,151.51959090947904
1559,152.18861136400508
1560,152.25918079580484
1561,150.7462217560146
1562,149.92391066821386
1563,155.8527151348032
1564,160.38007937806304
1565,164.23607540915992
1566,166.09427163870194
1567,168.97455805676685
1568,170.6708301539285
1569,171.78228864623208
1570,169.97317421392046
1571,171.23951550322445
1572,171.10753972806324
1573,175.4521627416601
1574,177.82955460457708
1575,179.3430768743482
1576,177.8959230306308
1577,177.62112687909928
1578,177.65507053514432
1579,177.5373170083871
1580,178.95045115796776
1581,179.3179286000694
1582,180.5120321700659
1583,179.8164305615626
1584,178.02060903348448
1585,175.83457858181026
1586,174.81284965271976
1587,174.10220717008377
1588,172.9220968115796
1589,170.1909919710006
1590,168.12644237245058
1591,165.75012025382804
1592,161.09761424113663
1593,157.39273352907978
1594,153.40809685262576
1595,149.57269200999446
1596,146.34405740949472
1597,143.26685453902
1598,140.06851181206898
1599,139.65008622146553
1600,140.35258191039225
1601,140.45495281487263
1602,137.79220517412898
1603,135.22759491542254
1604,134.3512151696514
1605,131.29865441116883
1606,128.44372169061037
1607,125.27153560607985
1608,121.90295882577585
1609,117.42781088448704
1610,113.1314203402627
1611,109.55984932324955
1612,105.76185685708705
1613,103.0737640142327
1614,100.72507581352104
1615,99.57882202284499
1616,96.61988092170274
1617,93.4988868756176
1618,90.41394253183671
1619,88.33824540524488
1620,85.81633313498263
1621,81.82051647823349
1622,78.4644906543218
1623,76.5212661216057
1624,73.61020281552541
1625,71.50469267474914
1626,68.56445804101168
1627,66.81623513896108
1628,64.87542338201301
1629,62.246652212912345
1630,59.25931960226673
1631,56.49135362215339
1632,53.68678594104571
1633,51.04244664399342
1634,49.28032431179375
1635,46.95130809620406
1636,44.66374269139385
1637,42.45055555682415
1638,40.69302777898293
1639,39.28837639003378
1640,37.43895757053209
1641,36.09200969200548
1642,34.957409207405206
1643,33.774538747034946
1644,33.7558118096832
1645,33.563021219199044
1646,32.24987015823909
1647,31.457376650327134
1648,31.949507817810776
1649,32.612032426920244
1650,32.89143080557423
1651,34.146859265295525
1652,35.47951630203075
1653,37.85554048692922
1654,42.27776346258277
1655,45.60387528945363
1656,48.52868152498096
1657,54.882247448731924
1658,60.52313507629535
1659,65.3319783224806
1660,71.73537940635659
1661,76.40361043603876
1662,81.71842991423685
1663,89.64250841852503
1664,97.4303829975988
1665,103.55386384771887
1666,112.62617065533296
1667,120.59486212256633
1668,126.25011901643802
1669,129.1626130656161
1670,133.84448241233534
1671,139.5522582917186
1672,144.2246453771327
1673,151.22841310827607
1674,156.92199245286227
1675,160.26089283021918
1676,168.94784818870824
1677,178.47045577927284
1678,184.47693299030922
1679,192.2030863407938
1680,196.9279320237541
1681,198.7615354225664
1682,202.3234586514381
1683,206.08728571886618
1684,208.19292143292287
1685,209.92827536127672
1686,212.98186159321287
1687,216.5077685135522
1688,219.93738008787463
1689,221.78551108348088
1690,221.47623552930688
1691,223.6874237528415
1692,227.88805256519942
1693,226.62364993693947
1694,228.44246744009249
1695,228.58534406808786
1696,229.33607686468346
1697,229.81427302144928
1698,228.91855937037678
1699,231.60263140185796
1700,230.30249983176506
1701,226.6723748401768
1702,224.11875609816795
1703,221.76781829325955
1704,221.03942737859657
1705,217.4824560096667
1706,213.83833320918336
1707,211.7814165487242
1708,209.65734572128798
1709,206.97447843522357
1710,205.24575451346237
1711,204.48346678778924
1712,203.26429344839977
1713,198.96607877597978
1714,195.36277483718078
1715,191.65463609532173
1716,186.17690429055563
1717,180.13805907602784
1718,174.89115612222642
1719,170.4915983161151
1720,165.58201840030932
1721,162.77791748029384
1722,159.60402160627916
1723,155.5838205259652
1724,152.30962949966693
1725,147.37914802468356
1726,142.33519062344936
1727,138.0634310922769
1728,133.91525953766305
1729,130.80449656077988
1730,127.50927173274087
1731,124.42880814610382
1732,121.30236773879864
1733,118.21724935185868
1734,113.87638688426574
1735,109.75756754005245
1736,107.9046891630498
1737,105.31445470489729
1738,101.9887319696524
1739,98.54929537116978
1740,95.05683060261129
1741,92.06398907248072
1742,88.70078961885667
1743,86.35075013791383
1744,85.08821263101814
1745,83.39380199946723
1746,80.65911189949387
1747,79.00115630451917
1748,77.81109848929322
1749,76.42554356482854
1750,74.28926638658712
1751,71.65480306725775
1752,69.20206291389485
1753,67.0069597682001
1754,64.8616117797901
1755,62.26353119080059
1756,59.86535463126055
1757,57.54708689969752
1758,54.90973255471264
1759,52.85424592697699
1760,50.56153363062814
1761,48.49345694909673
1762,46.62378410164189
1763,45.39759489655979
1764,44.397715151731795
1765,43.2178293941452
1766,41.93193792443793
1767,40.34534102821603
1768,40.05307397680523
1769,39.21542027796496
1770,38.11964926406671
1771,36.87866680086337
1772,36.2597334608202
1773,35.901746787779196
1774,35.24665944839023
1775,34.719326475970725
1776,34.99836015217218
1777,35.01344214456357
1778,35.082770037335386
1779,36.77863153546862
1780,38.149699958695194
1781,39.62721496076044
1782,41.655854212722424
1783,43.20306150208631
1784,44.597908426981995
1785,46.428013005632906
1786,48.156612355351264
1787,50.7387817375837
1788,56.05184265070452
1789,59.87925051816929
1790,64.80028799226083
1791,66.48027359264779
1792,69.2812599130154
1793,70.58719691736464
1794,73.5328370714964
1795,77.4461952179216
1796,79.00888545702553
1797,81.30844118417426
1798,83.92301912496553
1799,88.67686816871726
1800,92.86802476028141
1801,96.14962352226735
1802,97.86714234615398
1803,98.72378522884628
1804,102.78759596740397
1805,105.45821616903378
1806,106.9953053605821
1807,109.38554009255299
1808,112.21626308792534
1809,114.23044993352909
1810,114.60392743685262
1811,116.64873106501
1812,118.20629451175951
1813,120.82097978617153
1814,124.39493079686298
1815,125.73018425701984
1816,127.93867504416887
1817,129.04674129196042
1818,129.44940422736238
1819,129.9169340159943
1820,129.88608731519457
1821,130.16178294943484
1822,130.2736938019631
1823,130.69000911186495
1824,132.05050865627172
1825,134.48798322345814
1826,135.04858406228522
1827,136.05115485917094
1828,138.2735971162124
1829,138.92491726040177
1830,139.9436713973817
1831,139.53148782751262
1832,139.594913436137
1833,138.74516776433015
1834,138.54790937611367
1835,137.53051390730798
1836,137.11398821194257
1837,135.84828880134546
1838,133.3508743612782
1839,131.76333064321426
1840,129.25016411105352
1841,126.32265590550082
1842,125.74152311022578
1843,123.80444695471448
1844,121.17922460697876
1845,118.79026337662984
1846,117.32575020779834
1847,117.28446269740842
1848,115.77023956253798
1849,116.24672758441108
1850,116.10939120519053
1851,114.78392164493098
1852,114.73972556268444
1853,115.23773928455022
1854,114.89085232032272
1855,114.5913097043066
1856,113.39674421909125
1857,112.07190700813669
1858,109.42831165772984
1859,107.17189607484335
1860,104.90330127110118
1861,102.70313620754612
1862,100.83797939716882
1863,99.88608042731038
1864,97.90677640594485
1865,95.8164375856476
1866,92.68561570636523
1867,89.88133492104696
1868,89.5922681749946
1869,87.29765476624486
1870,84.6477720279326
1871,82.08038342653597
1872,79.94636425520918
1873,77.81404604244871
1874,75.46834374032628
1875,74.56992655330997
1876,73.65643022564447
1877,72.54860871436225
1878,72.87617827864413
1879,71.62736936471192
1880,70.90600089647633
1881,70.72070085165251
1882,68.97966580906989
1883,67.01068251861638
1884,65.02514839268555
1885,62.60889097305127
1886,60.323446424398696
1887,57.692274103178754
1888,55.46266039801981
1889,53.52452737811882
1890,52.86830100921288
1891,53.05988595875223
1892,51.42189166081462
1893,49.53079707777389
1894,48.44925722388519
1895,46.60679436269093
1896,44.87145464455637
1897,42.94788191232855
1898,42.375487816712116
1899,41.62171342587651
1900,40.45062775458268
1901,39.32309636685354
1902,37.50194154851086
1903,36.83184447108531
1904,35.99025224753104
1905,35.675739635154486
1906,34.28695265339676
1907,33.68760502072692
1908,33.19322476969057
1909,33.19856353120604
1910,32.18863535464574
1911,31.52920358691345
1912,31.302743407567775
1913,32.48260623718939
1914,32.38847592532992
1915,32.91905212906343
1916,34.39309952261026
1917,35.77844454647975
1918,36.06952231915576
1919,37.336046203197974
1920,39.15424389303808
1921,43.826531698386184
1922,47.05520511346688
1923,51.762444857793554
1924,55.029322614903876
1925,59.00785648415869
1926,61.04246365995076
1927,62.11034047695323
1928,68.78982345310558
1929,74.2053322804503
1930,77.4200656664278
1931,82.24406238310642
1932,89.92685926395113
1933,95.16551630075358
1934,100.17224048571592
1935,102.34862846143012
1936,106.74619703835864
1937,111.99388718644073
1938,117.67919282711871
1939,121.86523318576279
1940,129.11697152647466
1941,135.84112295015092
1942,142.02406680264338
1943,147.40286346251122
1944,151.33772028938566
1945,154.74083427491638
1946,155.93879256117054
1947,159.75185293311202
1948,164.4992602864564
1949,167.40929727213359
1950,168.6838324085269
1951,169.83464078810056
1952,172.32290874869554
1953,175.37176331126076
1954,177.0781751456977
1955,180.56926638841284
1956,179.3708030689922
1957,179.8972629155426
1958,180.73239976976546
1959,182.9607797812772
1960,183.54774079221335
1961,180.95035375260267
1962,182.16783606497253
1963,185.1844442617239
1964,188.19022204863774
1965,189.59071094620586
1966,189.41117539889558
1967,189.71061662895082
1968,187.7150857975033
1969,189.87433150762814
1970,191.43561493224675
1971,190.37883418563442
1972,186.82489247635272
1973,185.66864785253506
1974,183.3552154599083
1975,182.2824546869129
1976,181.53833195256723
1977,179.17641535493885
1978,176.59259458719188
1979,176.21296485783228
1980,173.17731661494065
1981,168.17345078419362
1982,164.19977824498392
1983,161.4697893327347
1984,160.02129986609796
1985,158.59523487279304
1986,156.11047312915338
1987,153.10494947269572
1988,148.94470199906092
1989,145.12246689910788
1990,140.15134355415248
1991,135.42377637644483
1992,132.3925875576226
1993,131.28295817974146
1994,130.55381027075438
1995,128.54611975721667
1996,126.96381376935585
1997,123.87062308088804
1998,120.46209192684363
1999,116.18898733050143
2000,111.50953796397636
2001,106.56406106577752
2002,102.56085801248862
2003,98.5028151118642
2004,94.46767435627098
2005,90.77929063845741
2006,87.08532610653454
2007,83.7510598012078
2008,81.18350681114741
2009,78.53933147059003
2010,76.60736489706052
2011,73.28199665220748
2012,69.8328968195971
2013,67.44125197861725
2014,64.96418937968637
2015,62.505979910702045
2016,59.52068091516693
2017,57.939646869408584
2018,55.73266452593814
2019,54.06603129964123
2020,52.16772973465916
2021,49.5893432479262
2022,48.014876085529885
2023,46.10913228125339
2024,44.05867566719072
2025,43.86074188383119
2026,42.437704789639625
2027,40.60581955015764
2028,39.065528572649754
2029,37.28225214401726
2030,36.28813953681639
2031,36.77373255997557
2032,36.89004593197679
2033,35.98554363537795
2034,36.096266453609054
2035,36.6864531309286
2036,36.96213047438217
2037,38.28402395066306
2038,38.80982275312991
2039,38.32433161547341
2040,39.933115034699746
2041,40.20645928296476
2042,42.75613631881653
2043,46.058329502875715
2044,47.465413027731934
2045,51.307142376345354
2046,55.31178525752809
2047,59.51619599465171
2048,63.675386194919135
2049,68.31661688517319
2050,72.74078604091454
2051,80.66374673886884
2052,87.1355594019254
2053,93.21378143182915
2054,97.07309236023771
2055,100.53443774222583
2056,105.27771585511456
2057,114.23883006235886
2058,117.55188855924094
2059,123.2742941312789
2060,128.36557942471495
2061,132.5573004534792
2062,137.83943543080525
2063,141.517463659265
2064,145.81159047630177
2065,147.11101095248668
2066,149.34046040486234
2067,151.3584373846192
2068,152.55051551538824
2069,152.58798973961885
2070,154.51359025263793
2071,159.39291074000604
2072,159.87826520300575
2073,161.8543519428555
2074,162.70163434571273
2075,164.4215526284271
2076,165.96547499700577
2077,169.6822012471555
2078,171.04809118479773
2079,172.37568662555785
2080,172.10190229427997
2081,174.73180717956595
2082,178.00521682058763
2083,181.14495597955826
2084,180.53270818058036
2085,181.36107277155133
2086,180.26801913297376
2087,181.8846181763251
2088,182.70538726750885
2089,185.1051179041334
2090,183.39986200892673
2091,181.33986890848038
2092,176.98787546305635
2093,173.06348168990354
2094,170.12030760540836
2095,166.20929222513794
2096,162.59882761388104
2097,161.138886233187
2098,159.56194192152765
2099,157.68384482545125
2100,153.86965258417868
2101,152.56616995496975
2102,150.05786145722126
2103,147.2749683843602
2104,143.85121996514218
2105,140.13865896688506
2106,137.1517260185408
2107,133.41913971761377
2108,128.30818273173307
2109,125.44777359514642
2110,121.58538491538907
2111,118.92611566961962
2112,117.22480988613863
2113,114.1085693918317
2114,110.7781409222401
2115,106.60923387612807
2116,102.76877218232167
2117,99.61533357320558
2118,97.16456689454529
2119,94.02133854981801
2120,91.3452716223271
2121,90.13300804121074
2122,87.1013576391502
2123,84.35628975719268
2124,81.76847526933304
2125,79.97005150586638
2126,78.28654893057306
2127,75.4522214840444
2128,72.64961040984218
2129,70.14212988935007
2130,67.65502339488258
2131,65.18227222513845
2132,62.70815861388152
2133,61.10275068318744
2134,58.74761314902806
2135,56.55523249157666
2136,54.392470866997826
2137,52.05784732364793
2138,50.08495495746553
2139,47.920707209592244
2140,45.90467184911263
2141,44.434438256656996
2142,42.80271634382414
2143,41.64758052663293
2144,39.715201500301276
2145,37.76444142528621
2146,37.121219354021896
2147,35.965158386320795
2148,34.53690046700475
2149,33.36005544365451
2150,32.29705267147178
2151,31.83220003789819
2152,31.51059003600328
2153,30.97506053420311
2154,30.071307507492953
2155,30.35274213211831
2156,31.8201050255124
2157,31.86909977423678
2158,32.79564478552494
2159,33.9308625462487
2160,34.45931941893626
2161,35.246353447989456
2162,37.58403577558999
2163,39.23483398681049
2164,40.973092287469974
2165,43.44943767309648
2166,46.11196578944167
2167,49.861367499969596
2168,53.96829912497112
2169,55.194884168722574
2170,57.30013996028645
2171,60.395132962272136
2172,61.675376314158534
2173,63.49160749845061
2174,65.49202712352808
2175,66.89742576735166
2176,71.03255447898408
2177,77.8409267550349
2178,82.62388041728317
2179,85.60768639641903
2180,86.64230207659807
2181,90.74518697276818
2182,95.62292762412979
2183,96.6817812429233
2184,98.50269218077713
2185,101.8625575717383
2186,107.6544296931514
2187,111.84670820849384
2188,114.54937279806914
2189,118.22190415816569
2190,124.52580895025743
2191,127.32451850274455
2192,128.75829257760734
2193,129.40037794872697
2194,130.83535905129062
2195,131.45859109872612
2196,132.0156615437898
2197,131.48987846660032
2198,133.2053845432703
2199,134.63011531610678
2200,135.00360955030143
2201,138.39842907278637
2202,137.62850761914706
2203,138.82208223818972
2204,143.79097812628024
2205,146.30642921996622
2206,147.8211077589679
2207,151.10005237101953
2208,152.77504975246856
2209,153.64629726484512
2210,153.31898240160285
2211,154.99803328152274
2212,156.6231316174466
2213,155.23197503657428
2214,155.52037628474557
2215,156.52435747050828
2216,158.09313959698287
2217,157.7484826171337
2218,157.221058486277
2219,156.12500556196318
2220,154.99375528386503
2221,151.02906751967177
2222,148.51261414368818
2223,145.98198343650375
2224,143.02288426467857
2225,141.80674005144462
2226,141.1314030488724
2227,139.84483289642876
2228,136.7775912516073
2229,134.82871168902696
2230,132.2322761045756
2231,129.2306622993468
2232,125.79912918437944
2233,123.23917272516044
2234,120.81721408890242
2235,117.73635338445729
2236,115.48953571523442
2237,113.04005892947269
2238,111.57805598299906
2239,109.48415318384909
2240,106.44994552465663
2241,104.8374482484238
2242,103.1005758360026
2243,99.39054704420246
2244,96.82601969199233
2245,94.1597187073927
2246,91.43173277202305
2247,88.7951461334219
2248,87.45038882675081
2249,85.91786938541327
2250,84.74197591614261
2251,83.52987712033547
2252,81.2133832643187
2253,77.81271410110276
2254,75.29707839604761
2255,74.49722447624522
2256,71.81736325243295
2257,68.51149508981129
2258,65.95092033532072
2259,65.16837431855468
2260,63.76995560262695
2261,61.806457822495595
2262,59.82613493137082
2263,57.874828184802276
2264,56.16608677556216
2265,54.10278243678405
2266,53.18264331494484
2267,51.63851114919759
2268,50.521585591737704
2269,48.91550631215082
2270,46.829730996543276
2271,44.758244446716105
2272,43.4953322243803
2273,42.385565613161276
2274,41.021287332503206
2275,39.46022296587804
2276,37.687211817584135
2277,35.87785122670493
2278,34.22395866536967
2279,33.37776073210119
2280,31.913872695496128
2281,30.463179060721316
2282,29.715020107685252
2283,28.409269102300986
2284,27.218805647185935
2285,26.117865364826635
2286,24.8419720965853
2287,23.614873491756033
2288,22.49412981716823
2289,21.579423326309815
2290,20.830452159994323
2291,19.838929551994607
2292,18.911983074394875
2293,18.02638392067513
2294,17.15506472464137
2295,16.357311488409298
2296,15.68444591398883
2297,15.215223618289388
2298,14.729462437374917
2299,13.992989315506168
2300,13.64833984973086
2301,13.350922857244315
2302,13.028376714382098
2303,13.191957878662993
2304,13.507359984729845
2305,14.256991985493356
2306,14.744142386218689
2307,14.526935266907753
2308,14.495588503562365
2309,14.710809078384246
2310,15.235268624465034
2311,15.953505193241785
2312,16.975829933579696
2313,17.807038436900715
2314,18.636686515055683
2315,18.9298521893029
2316,19.348359579837755
2317,20.79594160084587
2318,23.686144520803584
2319,26.30683729476341
2320,27.901495430025246
2321,29.31142065852399
2322,31.0708496255978
2323,32.80730714431791
2324,37.17194178710203
2325,41.59834469774694
2326,46.473427462859604
2327,49.61475608971663
2328,51.85401828523081
2329,51.65131737096927
2330,53.3987515024208
2331,55.02381392729976
2332,57.097623230934786
2333,58.84274206938805
2334,60.90560496591865
2335,62.60032471762272
2336,64.15530848174159
2337,64.7725430576545
2338,65.91391590477178
2339,65.4582201095332
2340,66.99030910405654
2341,66.6857936488537
2342,67.26650396641101
2343,69.26817876809046
2344,71.81476982968594
2345,72.05903133820165
2346,72.76607977129157
2347,73.717775782727
2348,72.75688699359065
2349,74.83904264391113
2350,76.79209051171559
2351,79.16248598612981
2352,81.05436168682333
2353,84.30664360248215
2354,86.52631142235806
2355,87.82499585124016
2356,89.05874605867815
2357,89.75080875574425
2358,90.27326831795703
2359,91.1046049020592
2360,93.04937465695625
2361,92.89690592410844
2362,93.43206062790301
2363,94.40545759650787
2364,94.33518471668249
2365,92.95342548084837
2366,91.03075420680594
2367,90.24421649646564
2368,90.17200567164237
2369,88.98840538806024
2370,87.82898511865723
2371,86.65753586272436
2372,86.25465906958813
2373,85.12192611610871
2374,83.97582981030328
2375,82.67703831978812
2376,81.39318640379872
2377,80.14352708360879
2378,78.84135072942834
2379,76.79428319295693
2380,75.52956903330907
2381,72.77809058164362
2382,70.75918605256145
2383,69.73122674993338
2384,68.4746654124367
2385,66.72093214181487
2386,64.45488553472413
2387,62.15714125798791
2388,60.35428419508851
2389,58.65656998533409
2390,56.60874148606738
2391,55.39330441176401
2392,53.568639191175805
2393,51.850207231617006
2394,50.14769687003615
2395,49.27031202653434
2396,48.991796425207625
2397,47.20220660394724
2398,45.12709627374987
2399,43.28074146006237
2400,41.45670438705925
2401,39.91886916770628
2402,38.047925709320964
2403,36.59052942385491
2404,35.41600295266216
2405,34.42520280502905
2406,32.7839426647776
2407,31.57974553153872
2408,30.165758254961776
2409,28.902470342213682
2410,27.702346825102996
2411,26.472229483847848
2412,25.533618009655452
2413,24.296937109172678
2414,23.55209025371404
2415,22.82948574102834
2416,22.183011453976917
2417,21.133860881278068
2418,20.12216783721416
2419,19.141059445353452
2420,18.239006473085777
2421,17.347056149431484
2422,16.50470334195991
2423,15.754468174861913
2424,15.276744766118814
2425,14.522907527812869
2426,13.871762151422223
2427,13.438174043851111
2428,12.776265341658554
2429,12.427452074575626
2430,12.111079470846844
2431,11.880525497304502
2432,11.316499222439276
2433,11.480674261317313
2434,12.63164054825145
2435,13.15505852083888
2436,13.017305594796936
2437,12.776440315057087
2438,12.997618299304234
2439,13.572737384339023
2440,13.954100515122072
2441,14.506395489365971
2442,15.496075714897675
2443,15.821271929152791
2444,17.595208332695158
2445,18.5854479160604
2446,19.39617552025738
2447,21.801366744244515
2448,23.476298407032292
2449,25.347483486680684
2450,28.010109312346657
2451,30.80960384672933
2452,34.094123654392874
2453,35.904417471673234
2454,38.679196598089575
2455,40.5152367681851
2456,43.30447492977585
2457,45.90925118328706
2458,47.493788624122715
2459,50.77409919291659
